":START_ID",":END_ID","relation","concepts","synsets",":TYPE"
"주식매매계약서가 작성된다.","주식매매계약서","is participated by","['be attended by', 'be taken part by', 'be engaged by', 'be joined by']","[]","Relation"
"주식회사 뉴파이낸스","주식회사 오미크론테크","매도인이다","['provide goods', 'transfer ownership', 'offer for sale', 'sell', 'exchange for value']","[]","Relation"
"주식회사 크사이인베스트","주식회사 오미크론테크","매수인이다","['purchaser', 'buyer', 'recipient', 'acquirer']","[]","Relation"
"주식회사 뉴파이낸스","주식회사 크사이인베스트","계약을 체결했다","['enter arrangement', 'make agreement', 'formalize terms', 'establish deal', 'form contract']","[]","Relation"
"계약","2025년 1월 1일","계약일자는","['agreement date', 'contract timeline', 'documentation timing', 'effective date', 'commencement date']","[]","Relation"
"2025년 1월 1일에 계약이 체결되었다","계약 당사자들이 확정되었다","이전에","['before', 'preceding', 'prior', 'earlier']","[]","Relation"
"계약 당사자들이 확정되었다","매도인, 매수인, 대상회사가 각각 지정되었다","결과로","['produce', 'bring about', 'cause', 'lead to', 'result in']","[]","Relation"
"주식회사 뉴파이낸스와 주식회사 크사이인베스트가 2025년 1월 1일에 계약을 체결한다.","주식회사 뉴파이낸스","is participated by","['be attended by', 'be taken part by', 'be engaged by', 'be joined by']","[]","Relation"
"주식회사 뉴파이낸스와 주식회사 크사이인베스트가 2025년 1월 1일에 계약을 체결한다.","주식회사 크사이인베스트","is participated by","['be attended by', 'be taken part by', 'be engaged by', 'be joined by']","[]","Relation"
"주식회사 뉴파이낸스가 주식회사 오미크론테크의 지분 또는 자산을 매도한다.","주식회사 뉴파이낸스","is participated by","['be attended by', 'be taken part by', 'be engaged by', 'be joined by']","[]","Relation"
"주식회사 뉴파이낸스가 주식회사 오미크론테크의 지분 또는 자산을 매도한다.","주식회사 오미크론테크","is participated by","['be attended by', 'be taken part by', 'be engaged by', 'be joined by']","[]","Relation"
"주식회사 크사이인베스트가 주식회사 오미크론테크의 지분 또는 자산을 매수한다.","주식회사 크사이인베스트","is participated by","['be attended by', 'be taken part by', 'be engaged by', 'be joined by']","[]","Relation"
"주식회사 크사이인베스트가 주식회사 오미크론테크의 지분 또는 자산을 매수한다.","주식회사 오미크론테크","is participated by","['be attended by', 'be taken part by', 'be engaged by', 'be joined by']","[]","Relation"
"제1장 총칙이 명시된다.","제1장 총칙","is participated by","['be attended by', 'be taken part by', 'be engaged by', 'be joined by']","[]","Relation"
"매도인","대상회사 발행 보통주식 10,000,000주","보유하다","['have', 'hold', 'retain', 'own', 'possess']","[]","Relation"
"매도인","매매주식","매도하다","['transfer ownership', 'divest', 'dispose of', 'sell']","[]","Relation"
"매수인","매매주식","매수하다","['invest in', 'obtain', 'purchase', 'buy', 'acquire']","[]","Relation"
"본 계약","매매주식 매매에 필요한 제반 사항","규정하다","['set rules', 'determine', 'specify', 'establish', 'define']","[]","Relation"
"매도인이 보유한 매매주식을 매도한다","매수인이 매매주식을 매수한다","동시에","['concurrently', 'at the same time', 'in parallel', 'simultaneously']","[]","Relation"
"매도인이 보유한 매매주식을 매도하고 매수인이 이를 매수한다","필요한 제반 사항을 규정한다","결과로","['produce', 'bring about', 'cause', 'lead to', 'result in']","[]","Relation"
"매도인이 대상회사 발행 보통주식 10,000,000주를 매수인에게 매도한다.","매도인","is participated by","['be attended by', 'be taken part by', 'be engaged by', 'be joined by']","[]","Relation"
"매도인이 대상회사 발행 보통주식 10,000,000주를 매수인에게 매도한다.","대상회사","is participated by","['be attended by', 'be taken part by', 'be engaged by', 'be joined by']","[]","Relation"
"매도인이 대상회사 발행 보통주식 10,000,000주를 매수인에게 매도한다.","보통주식 10,000,000주","is participated by","['be attended by', 'be taken part by', 'be engaged by', 'be joined by']","[]","Relation"
"매도인이 대상회사 발행 보통주식 10,000,000주를 매수인에게 매도한다.","매수인","is participated by","['be attended by', 'be taken part by', 'be engaged by', 'be joined by']","[]","Relation"
"매수인이 매도인으로부터 대상회사 발행 보통주식 10,000,000주를 매수한다.","매수인","is participated by","['be attended by', 'be taken part by', 'be engaged by', 'be joined by']","[]","Relation"
"매수인이 매도인으로부터 대상회사 발행 보통주식 10,000,000주를 매수한다.","매도인","is participated by","['be attended by', 'be taken part by', 'be engaged by', 'be joined by']","[]","Relation"
"매수인이 매도인으로부터 대상회사 발행 보통주식 10,000,000주를 매수한다.","대상회사","is participated by","['be attended by', 'be taken part by', 'be engaged by', 'be joined by']","[]","Relation"
"매수인이 매도인으로부터 대상회사 발행 보통주식 10,000,000주를 매수한다.","보통주식 10,000,000주","is participated by","['be attended by', 'be taken part by', 'be engaged by', 'be joined by']","[]","Relation"
"본 계약은 매도인의 매도와 매수인의 매수에 필요한 제반 사항을 규정한다.","본 계약","is participated by","['be attended by', 'be taken part by', 'be engaged by', 'be joined by']","[]","Relation"
"본 계약은 매도인의 매도와 매수인의 매수에 필요한 제반 사항을 규정한다.","매도인","is participated by","['be attended by', 'be taken part by', 'be engaged by', 'be joined by']","[]","Relation"
"본 계약은 매도인의 매도와 매수인의 매수에 필요한 제반 사항을 규정한다.","매수인","is participated by","['be attended by', 'be taken part by', 'be engaged by', 'be joined by']","[]","Relation"
"거래종결일","계약일로부터 90일 후","의미한다","['indicate', 'denote', 'express', 'represent', 'signify']","[]","Relation"
"거래종결일","제43조","정의된다","['규정된다', '규정화', '설명된다', '의미 부여', '분류된다']","[]","Relation"
"영업일","대한민국의 은행이 정상 영업하는 날","의미한다","['indicate', 'denote', 'express', 'represent', 'signify']","[]","Relation"
"운전자본","제77조","정의된다","['규정된다', '규정화', '설명된다', '의미 부여', '분류된다']","[]","Relation"
"계약일이 발생한다.","계약일로부터 90일 후가 된다.","이후","['following', 'subsequent', 'next', 'after', 'later']","[]","Relation"
"계약일로부터 90일 후가 된다.","""거래종결일""이 된다.","결과로","['produce', 'bring about', 'cause', 'lead to', 'result in']","[]","Relation"
"대한민국의 은행이 정상 영업한다.","""영업일""이 된다.","결과로","['produce', 'bring about', 'cause', 'lead to', 'result in']","[]","Relation"
"제77조에서 운전자본을 정의한다.","""운전자본""의 의미가 정해진다.","결과로","['produce', 'bring about', 'cause', 'lead to', 'result in']","[]","Relation"
"거래종결일은 제43조에 따라 계약일로부터 90일 후로 정의된다.","거래종결일","is participated by","['be attended by', 'be taken part by', 'be engaged by', 'be joined by']","[]","Relation"
"거래종결일은 제43조에 따라 계약일로부터 90일 후로 정의된다.","제43조","is participated by","['be attended by', 'be taken part by', 'be engaged by', 'be joined by']","[]","Relation"
"거래종결일은 제43조에 따라 계약일로부터 90일 후로 정의된다.","계약일","is participated by","['be attended by', 'be taken part by', 'be engaged by', 'be joined by']","[]","Relation"
"영업일은 대한민국의 은행이 정상 영업하는 날로 정의된다.","영업일","is participated by","['be attended by', 'be taken part by', 'be engaged by', 'be joined by']","[]","Relation"
"영업일은 대한민국의 은행이 정상 영업하는 날로 정의된다.","대한민국의 은행","is participated by","['be attended by', 'be taken part by', 'be engaged by', 'be joined by']","[]","Relation"
"운전자본은 제77조에 정의된 바에 따른다.","운전자본","is participated by","['be attended by', 'be taken part by', 'be engaged by', 'be joined by']","[]","Relation"
"운전자본은 제77조에 정의된 바에 따른다.","제77조","is participated by","['be attended by', 'be taken part by', 'be engaged by', 'be joined by']","[]","Relation"
"당사자","본 계약","본 계약을 체결한다","['make contract', 'establish deal', 'sign agreement', 'formalize arrangement']","[]","Relation"
"당사자","본 계약","본 계약을 이행한다","['execute contract', 'comply with provisions', 'fulfill agreement', 'perform obligations', 'carry out terms']","[]","Relation"
"당사자","당사자","상호 협력한다","['mutual support', 'work together', 'collaborate', 'joint effort', 'cooperate']","[]","Relation"
"당사자","당사자","선의와 신뢰를 바탕으로 협력한다","['work together', 'mutual respect', 'collaborate', 'build partnership', 'trust-based cooperation']","[]","Relation"
"양 당사자가 본 계약을 체결한다.","양 당사자가 본 계약을 이행한다.","이후","['following', 'subsequent', 'next', 'after', 'later']","[]","Relation"
"양 당사자는 상호 선의와 신뢰를 바탕으로 한다.","양 당사자는 성실히 협력한다.","동시에","['concurrently', 'at the same time', 'in parallel', 'simultaneously']","[]","Relation"
"양 당사자가 본 계약의 체결에 있어 성실히 협력한다.","양 당사자","is participated by","['be attended by', 'be taken part by', 'be engaged by', 'be joined by']","[]","Relation"
"양 당사자가 본 계약의 체결에 있어 성실히 협력한다.","본 계약","is participated by","['be attended by', 'be taken part by', 'be engaged by', 'be joined by']","[]","Relation"
"양 당사자가 본 계약의 이행에 있어 성실히 협력한다.","양 당사자","is participated by","['be attended by', 'be taken part by', 'be engaged by', 'be joined by']","[]","Relation"
"양 당사자가 본 계약의 이행에 있어 성실히 협력한다.","본 계약","is participated by","['be attended by', 'be taken part by', 'be engaged by', 'be joined by']","[]","Relation"
"본 계약","매매주식의 매매와 관련한 당사자 간의 모든 합의","포함한다","['encompass', 'contain', 'consist of', 'involve', 'comprise']","[]","Relation"
"당사자 간의 모든 합의가 이루어진다.","본 계약이 체결된다.","이후","['following', 'subsequent', 'next', 'after', 'later']","[]","Relation"
"본 계약이 체결된다.","매매주식의 매매와 관련한 당사자 간의 모든 합의가 본 계약에 포함된다.","결과로","['produce', 'bring about', 'cause', 'lead to', 'result in']","[]","Relation"
"본 계약은 매매주식의 매매와 관련한 당사자 간의 모든 합의를 포함한다.","본 계약","is participated by","['be attended by', 'be taken part by', 'be engaged by', 'be joined by']","[]","Relation"
"본 계약은 매매주식의 매매와 관련한 당사자 간의 모든 합의를 포함한다.","매매주식","is participated by","['be attended by', 'be taken part by', 'be engaged by', 'be joined by']","[]","Relation"
"본 계약은 매매주식의 매매와 관련한 당사자 간의 모든 합의를 포함한다.","당사자","is participated by","['be attended by', 'be taken part by', 'be engaged by', 'be joined by']","[]","Relation"
"매매주식의 기준 매매가격","일천억원(₩100,000,000,000)","정해진다","['규정된다', '결정된다', '확정된다', '지정된다', '정의된다']","[]","Relation"
"최종 매매가격","제14조의 조정 메커니즘","결정된다","['결론', '결정됨', '판정', '결과', '확정']","[]","Relation"
"주당 기준가격","일만원(₩10,000)","정해진다","['규정된다', '결정된다', '확정된다', '지정된다', '정의된다']","[]","Relation"
"매매주식의 기준 매매가격은 금 일천억원(₩100,000,000,000)으로 한다.","최종 매매가격은 제14조의 조정 메커니즘에 따라 결정된다.","이후","['following', 'subsequent', 'next', 'after', 'later']","[]","Relation"
"매매주식의 기준 매매가격은 금 일천억원(₩100,000,000,000)으로 한다.","주당 기준가격은 금 일만원(₩10,000)으로 한다.","동시에","['concurrently', 'at the same time', 'in parallel', 'simultaneously']","[]","Relation"
"최종 매매가격은 제14조의 조정 메커니즘에 따라 결정된다.","최종 매매가격이 확정된다.","결과로","['produce', 'bring about', 'cause', 'lead to', 'result in']","[]","Relation"
"매매주식의 기준 매매가격을 금 일천억원(₩100,000,000,000)으로 정한다.","매매주식","is participated by","['be attended by', 'be taken part by', 'be engaged by', 'be joined by']","[]","Relation"
"최종 매매가격은 제14조의 조정 메커니즘에 따라 결정된다.","최종 매매가격","is participated by","['be attended by', 'be taken part by', 'be engaged by', 'be joined by']","[]","Relation"
"최종 매매가격은 제14조의 조정 메커니즘에 따라 결정된다.","제14조의 조정 메커니즘","is participated by","['be attended by', 'be taken part by', 'be engaged by', 'be joined by']","[]","Relation"
"주당 기준가격을 금 일만원(₩10,000)으로 정한다.","주당 기준가격","is participated by","['be attended by', 'be taken part by', 'be engaged by', 'be joined by']","[]","Relation"
"가격 조정","공정한 기준","따르다","['obey', 'conform', 'submit', 'adhere', 'comply']","[]","Relation"
"가격 조정","객관적인 기준","따르다","['obey', 'conform', 'submit', 'adhere', 'comply']","[]","Relation"
"가격 조정이 이루어진다.","공정하고 객관적인 기준에 따라야 한다.","이후","['following', 'subsequent', 'next', 'after', 'later']","[]","Relation"
"공정하고 객관적인 기준이 있다.","모든 가격 조정이 그 기준을 따른다.","때문에","['as a result of', 'due to', 'reason', 'cause', 'owing to']","[]","Relation"
"모든 가격 조정은 공정하고 객관적인 기준에 따른다.","가격 조정","is participated by","['be attended by', 'be taken part by', 'be engaged by', 'be joined by']","[]","Relation"
"모든 가격 조정은 공정하고 객관적인 기준에 따른다.","공정한 기준","is participated by","['be attended by', 'be taken part by', 'be engaged by', 'be joined by']","[]","Relation"
"모든 가격 조정은 공정하고 객관적인 기준에 따른다.","객관적인 기준","is participated by","['be attended by', 'be taken part by', 'be engaged by', 'be joined by']","[]","Relation"
"진술","계약 체결일","기준이다","['benchmark', 'basis', 'standard', 'measure', 'reference point']","[]","Relation"
"진술","거래종결일","기준이다","['benchmark', 'basis', 'standard', 'measure', 'reference point']","[]","Relation"
"보증","계약 체결일","기준이다","['benchmark', 'basis', 'standard', 'measure', 'reference point']","[]","Relation"
"보증","거래종결일","기준이다","['benchmark', 'basis', 'standard', 'measure', 'reference point']","[]","Relation"
"계약이 체결된다.","진술과 보증이 계약 체결일 기준으로 평가된다.","이전","['transition', 'transfer', 'shift', 'move', 'relocation']","[]","Relation"
"거래가 종결된다.","진술과 보증이 거래종결일 기준으로 평가된다.","이전","['transition', 'transfer', 'shift', 'move', 'relocation']","[]","Relation"
"모든 진술과 보증이 계약 체결일과 거래종결일을 기준으로 한다.","진술","is participated by","['be attended by', 'be taken part by', 'be engaged by', 'be joined by']","[]","Relation"
"모든 진술과 보증이 계약 체결일과 거래종결일을 기준으로 한다.","보증","is participated by","['be attended by', 'be taken part by', 'be engaged by', 'be joined by']","[]","Relation"
"모든 진술과 보증이 계약 체결일과 거래종결일을 기준으로 한다.","계약 체결일","is participated by","['be attended by', 'be taken part by', 'be engaged by', 'be joined by']","[]","Relation"
"모든 진술과 보증이 계약 체결일과 거래종결일을 기준으로 한다.","거래종결일","is participated by","['be attended by', 'be taken part by', 'be engaged by', 'be joined by']","[]","Relation"
"각 당사자","비밀정보","보호한다","['shield', 'guard', 'defend', 'preserve', 'keep safe']","[]","Relation"
"각 당사자는 비밀정보를 보호한다.","비밀정보가 외부로 유출되지 않는다.","결과로","['produce', 'bring about', 'cause', 'lead to', 'result in']","[]","Relation"
"각 당사자는 비밀정보를 보호한다.","각 당사자","is participated by","['be attended by', 'be taken part by', 'be engaged by', 'be joined by']","[]","Relation"
"각 당사자는 비밀정보를 보호한다.","비밀정보","is participated by","['be attended by', 'be taken part by', 'be engaged by', 'be joined by']","[]","Relation"
"조정된 최종 매매가격","거래종결일","지급된다","['provide', 'distribute', 'grant', 'supply', 'allocate']","[]","Relation"
"조정된 최종 매매가격이 결정된다.","거래종결일에 지급한다.","이후","['following', 'subsequent', 'next', 'after', 'later']","[]","Relation"
"거래종결일이 도래한다.","조정된 최종 매매가격을 지급한다.","결과로","['produce', 'bring about', 'cause', 'lead to', 'result in']","[]","Relation"
"조정된 최종 매매가격을 지급한다.","조정된 최종 매매가격","is participated by","['be attended by', 'be taken part by', 'be engaged by', 'be joined by']","[]","Relation"
"조정된 최종 매매가격을 지급한다.","지급인","is participated by","['be attended by', 'be taken part by', 'be engaged by', 'be joined by']","[]","Relation"
"거래종결일에 대금을 지급한다.","거래종결일","is participated by","['be attended by', 'be taken part by', 'be engaged by', 'be joined by']","[]","Relation"
"거래종결일에 대금을 지급한다.","지급인","is participated by","['be attended by', 'be taken part by', 'be engaged by', 'be joined by']","[]","Relation"
"거래종결일에 대금을 지급한다.","수령인","is participated by","['be attended by', 'be taken part by', 'be engaged by', 'be joined by']","[]","Relation"
"계약","대한민국 법률","해석된다","['be seen as', 'be considered', 'be regarded as', 'be interpreted as', 'be understood as']","[]","Relation"
"계약 해석이 필요하다","대한민국 법률에 따라 해석한다","결과로","['produce', 'bring about', 'cause', 'lead to', 'result in']","[]","Relation"
"계약의 해석은 대한민국 법률에 따른다.","계약","is participated by","['be attended by', 'be taken part by', 'be engaged by', 'be joined by']","[]","Relation"
"계약의 해석은 대한민국 법률에 따른다.","대한민국 법률","is participated by","['be attended by', 'be taken part by', 'be engaged by', 'be joined by']","[]","Relation"
"매매주식","거래종결일","양도된다","['hand over', 'assign', 'pass on', 'convey', 'transfer']","[]","Relation"
"거래종결일이 도래한다.","매매주식을 양도한다.","이후","['following', 'subsequent', 'next', 'after', 'later']","[]","Relation"
"거래종결일이 도래한다.","매매주식을 양도한다.","때문에","['as a result of', 'due to', 'reason', 'cause', 'owing to']","[]","Relation"
"매매주식을 거래종결일에 양도한다.","매매주식","is participated by","['be attended by', 'be taken part by', 'be engaged by', 'be joined by']","[]","Relation"
"매매주식을 거래종결일에 양도한다.","거래종결일","is participated by","['be attended by', 'be taken part by', 'be engaged by', 'be joined by']","[]","Relation"
"매수인","제한 없는 완전한 소유권","취득한다","['secure', 'obtain', 'receive', 'gain', 'acquire']","[]","Relation"
"매수인은 제한 없는 완전한 소유권을 취득한다.","매수인은 완전한 권리를 행사할 수 있다.","결과로","['produce', 'bring about', 'cause', 'lead to', 'result in']","[]","Relation"
"매수인은 제한 없는 완전한 소유권을 취득한다.","매수인","is participated by","['be attended by', 'be taken part by', 'be engaged by', 'be joined by']","[]","Relation"
"매매가격","운전자본","조정된다","['regulate', 'adjust', 'control', 'modify', 'change']","[]","Relation"
"매매가격","부채 변동","조정된다","['regulate', 'adjust', 'control', 'modify', 'change']","[]","Relation"
"운전자본과 부채 변동이 발생한다.","매매가격이 조정된다.","이후","['following', 'subsequent', 'next', 'after', 'later']","[]","Relation"
"운전자본과 부채 변동이 발생한다.","매매가격이 조정된다.","때문에","['as a result of', 'due to', 'reason', 'cause', 'owing to']","[]","Relation"
"매매가격이 운전자본과 부채 변동에 따라 조정된다.","매매가격","is participated by","['be attended by', 'be taken part by', 'be engaged by', 'be joined by']","[]","Relation"
"매매가격이 운전자본과 부채 변동에 따라 조정된다.","운전자본","is participated by","['be attended by', 'be taken part by', 'be engaged by', 'be joined by']","[]","Relation"
"매매가격이 운전자본과 부채 변동에 따라 조정된다.","부채 변동","is participated by","['be attended by', 'be taken part by', 'be engaged by', 'be joined by']","[]","Relation"
"운전자본 증감분","매매가격","매매가격에 100% 반영된다","['total incorporation', 'fully reflected', 'included completely', 'complete influence']","[]","Relation"
"실제 운전자본과 목표 운전자본의 차이","운전자본","조정한다","['adjust', 'regulate', 'supervise', 'control', 'coordinate', 'manage']","[]","Relation"
"운전자본 증가","가격","가격 상향 조정한다","['increase cost', 'adjust upward', 'price escalation', 'raise price', 'mark up']","[]","Relation"
"운전자본 감소","가격","가격 하향 조정한다","['lower value', 'decrease price', 'adjust downward', 'reduce cost', 'discount']","[]","Relation"
"운전자본 증감분은 매매가격에 100% 반영된다.","운전자본이 변동하면 매매가격이 변동한다.","때문에","['as a result of', 'due to', 'reason', 'cause', 'owing to']","[]","Relation"
"목표 운전자본 대비 실제 운전자본의 차이를 조정한다.","운전자본 증감분은 매매가격에 100% 반영된다.","동시에","['concurrently', 'at the same time', 'in parallel', 'simultaneously']","[]","Relation"
"운전자본이 증가한다.","가격이 상향 조정된다.","결과로","['produce', 'bring about', 'cause', 'lead to', 'result in']","[]","Relation"
"운전자본이 감소한다.","가격이 하향 조정된다.","결과로","['produce', 'bring about', 'cause', 'lead to', 'result in']","[]","Relation"
"운전자본 증감분이 매매가격에 100% 반영된다.","운전자본 증감분","is participated by","['be attended by', 'be taken part by', 'be engaged by', 'be joined by']","[]","Relation"
"운전자본 증감분이 매매가격에 100% 반영된다.","매매가격","is participated by","['be attended by', 'be taken part by', 'be engaged by', 'be joined by']","[]","Relation"
"목표 운전자본 대비 실제 운전자본의 차이를 조정한다.","목표 운전자본","is participated by","['be attended by', 'be taken part by', 'be engaged by', 'be joined by']","[]","Relation"
"목표 운전자본 대비 실제 운전자본의 차이를 조정한다.","실제 운전자본","is participated by","['be attended by', 'be taken part by', 'be engaged by', 'be joined by']","[]","Relation"
"운전자본이 증가할 경우 가격이 상향 조정된다.","운전자본","is participated by","['be attended by', 'be taken part by', 'be engaged by', 'be joined by']","[]","Relation"
"운전자본이 증가할 경우 가격이 상향 조정된다.","가격","is participated by","['be attended by', 'be taken part by', 'be engaged by', 'be joined by']","[]","Relation"
"운전자본이 감소할 경우 가격이 하향 조정된다.","운전자본","is participated by","['be attended by', 'be taken part by', 'be engaged by', 'be joined by']","[]","Relation"
"운전자본이 감소할 경우 가격이 하향 조정된다.","가격","is participated by","['be attended by', 'be taken part by', 'be engaged by', 'be joined by']","[]","Relation"
"매매주식","제한 없이","양도된다","['hand over', 'assign', 'pass on', 'convey', 'transfer']","[]","Relation"
"매매주식은 제한 없이 양도된다.","주식의 상태가 제한 없이 양도 가능한 상태가 된다.","결과로","['produce', 'bring about', 'cause', 'lead to', 'result in']","[]","Relation"
"매매주식이 제한 없이 양도된다.","매매주식","is participated by","['be attended by', 'be taken part by', 'be engaged by', 'be joined by']","[]","Relation"
"제16조","3년간 경쟁 사업","경업을 금지한다","['prevent conflict of interest', 'enforce exclusivity', 'restrict competition', 'prohibit rivalry', 'ban competing']","[]","Relation"
"제16조가 규정된다.","3년간 경쟁 사업이 금지된다.","이후","['following', 'subsequent', 'next', 'after', 'later']","[]","Relation"
"제16조가 규정된다.","3년간 경쟁 사업이 금지된다.","때문에","['as a result of', 'due to', 'reason', 'cause', 'owing to']","[]","Relation"
"경업금지 조항이 적용된다.","경업금지 조항","is participated by","['be attended by', 'be taken part by', 'be engaged by', 'be joined by']","[]","Relation"
"3년간 경쟁 사업이 금지된다.","경쟁 사업","is participated by","['be attended by', 'be taken part by', 'be engaged by', 'be joined by']","[]","Relation"
"조직","핵심인력","유지하려고 노력한다","['uphold', 'continue', 'preserve', 'sustain', 'protect']","[]","Relation"
"핵심인력 유지 노력한다.","제17조가 시행된다.","동시에","['concurrently', 'at the same time', 'in parallel', 'simultaneously']","[]","Relation"
"핵심인력을 유지하기 위해 노력한다.","핵심인력","is participated by","['be attended by', 'be taken part by', 'be engaged by', 'be joined by']","[]","Relation"
"고객 관계","원만히","유지된다","['지속된다', '계속된다', '존속', '보존된다', '유지됨']","[]","Relation"
"고객 관계를 원만히 유지한다.","신뢰를 쌓을 수 있다.","결과로","['produce', 'bring about', 'cause', 'lead to', 'result in']","[]","Relation"
"고객 관계를 원만히 유지한다.","고객","is participated by","['be attended by', 'be taken part by', 'be engaged by', 'be joined by']","[]","Relation"
"제19조에 따라 모든 라이선스가 유효하다.","라이선스가 유효하게 유지된다.","동시에","['concurrently', 'at the same time', 'in parallel', 'simultaneously']","[]","Relation"
"모든 라이선스를 유효하게 유지한다.","모든 라이선스","is participated by","['be attended by', 'be taken part by', 'be engaged by', 'be joined by']","[]","Relation"
"보험","적절한 보험","유지한다","['keep', 'continue', 'preserve', 'sustain', 'retain']","[]","Relation"
"보험을 유지한다.","보험이 만료된다.","이전에","['before', 'preceding', 'prior', 'earlier']","[]","Relation"
"적절한 보험을 유지한다.","보험 사고 발생 시 보상을 받을 수 있다.","결과로","['produce', 'bring about', 'cause', 'lead to', 'result in']","[]","Relation"
"보험을 적절하게 유지한다.","보험","is participated by","['be attended by', 'be taken part by', 'be engaged by', 'be joined by']","[]","Relation"
"임대차계약","부동산","정상 유지된다","['maintain', 'stabilize', 'continue', 'sustain', 'preserve']","[]","Relation"
"부동산 임대차계약을 체결한다.","임대차계약을 정상적으로 유지한다.","이후","['following', 'subsequent', 'next', 'after', 'later']","[]","Relation"
"임대차계약을 정상적으로 유지한다.","임대인과 임차인 모두 계약상의 권리와 의무를 이행한다.","결과로","['produce', 'bring about', 'cause', 'lead to', 'result in']","[]","Relation"
"임대차계약을 정상적으로 유지한다.","임대차계약","is participated by","['be attended by', 'be taken part by', 'be engaged by', 'be joined by']","[]","Relation"
"필요 권리","지적재산권","보유한다","['contain', 'have', 'hold', 'own', 'possess']","[]","Relation"
"필요 권리 보유한다.","지적재산권이 적용된다.","이후","['following', 'subsequent', 'next', 'after', 'later']","[]","Relation"
"지적재산권에 필요한 권리를 보유한다.","지적재산권","is participated by","['be attended by', 'be taken part by', 'be engaged by', 'be joined by']","[]","Relation"
"양도","상대방 동의 없이","제한된다","['constrained', 'bounded', 'confined', 'restricted', 'limited']","[]","Relation"
"상대방 동의 없이 양도하다.","양도가 불가하다.","결과로","['produce', 'bring about', 'cause', 'lead to', 'result in']","[]","Relation"
"일방 당사자가 상대방의 동의 없이 권리를 양도할 수 없다.","일방 당사자","is participated by","['be attended by', 'be taken part by', 'be engaged by', 'be joined by']","[]","Relation"
"일방 당사자가 상대방의 동의 없이 권리를 양도할 수 없다.","상대방","is participated by","['be attended by', 'be taken part by', 'be engaged by', 'be joined by']","[]","Relation"
"환경법규","환경","준수한다","['obey', 'observe', 'follow', 'adhere', 'comply']","[]","Relation"
"환경법규를 준수한다","환경 관련 문제가 줄어든다","결과로","['produce', 'bring about', 'cause', 'lead to', 'result in']","[]","Relation"
"환경법규를 준수한다.","환경법규","is participated by","['be attended by', 'be taken part by', 'be engaged by', 'be joined by']","[]","Relation"
"환경법규를 준수한다.","제24조","is participated by","['be attended by', 'be taken part by', 'be engaged by', 'be joined by']","[]","Relation"
"제25조","데이터","규정하다","['set rules', 'determine', 'specify', 'establish', 'define']","[]","Relation"
"제25조","개인정보","개인정보를 보호하다","['secure information', 'safeguard identity', 'protect data', 'ensure privacy']","[]","Relation"
"데이터를 처리한다.","개인정보를 보호한다.","동시에","['concurrently', 'at the same time', 'in parallel', 'simultaneously']","[]","Relation"
"개인정보를 보호한다.","개인정보","is participated by","['be attended by', 'be taken part by', 'be engaged by', 'be joined by']","[]","Relation"
"운영","통상 영업과정 유지","종결 전","['before ending', 'prior to conclusion', 'before closure', 'pre-termination', 'preceding finish']","[]","Relation"
"종결 전에 통상 영업과정을 유지한다.","종결이 이루어진다.","이전에","['before', 'preceding', 'prior', 'earlier']","[]","Relation"
"통상 영업과정을 유지한다.","통상 영업과정","is participated by","['be attended by', 'be taken part by', 'be engaged by', 'be joined by']","[]","Relation"
"요청","정보","정보를 제공한다","['disclose', 'share', 'transmit', 'communicate', 'inform']","[]","Relation"
"요청이 발생한다.","정보를 제공한다.","이후","['following', 'subsequent', 'next', 'after', 'later']","[]","Relation"
"요청이 발생한다.","정보를 제공한다.","때문에","['as a result of', 'due to', 'reason', 'cause', 'owing to']","[]","Relation"
"정보를 제공한다.","제27조","is participated by","['be attended by', 'be taken part by', 'be engaged by', 'be joined by']","[]","Relation"
"정보를 제공한다.","요청 정보","is participated by","['be attended by', 'be taken part by', 'be engaged by', 'be joined by']","[]","Relation"
"하자담보","거래종결일로부터 1년간","유효하다","['apply', 'be valid', 'hold true', 'be effective', 'take effect']","[]","Relation"
"거래종결일이 발생한다.","하자담보가 1년간 유효하다.","이후","['following', 'subsequent', 'next', 'after', 'later']","[]","Relation"
"하자담보가 거래종결일로부터 1년간 유효하다.","하자담보","is participated by","['be attended by', 'be taken part by', 'be engaged by', 'be joined by']","[]","Relation"
"하자담보가 거래종결일로부터 1년간 유효하다.","거래종결일","is participated by","['be attended by', 'be taken part by', 'be engaged by', 'be joined by']","[]","Relation"
"운전자본 계산의 기준일","직전 회계연도 말","이다","['exist', 'express identity', 'equate', 'denote', 'represent', 'signify']","[]","Relation"
"운전자본","2024년 12월 31일 기준","목표로 한다","['seek', 'aim', 'intend', 'strive for', 'pursue']","[]","Relation"
"운전자본","거래종결일 운전자본과 비교하여","조정한다","['adjust', 'regulate', 'supervise', 'control', 'coordinate', 'manage']","[]","Relation"
"직전 회계연도 말이 운전자본 계산의 기준일로 정해진다.","2024년 12월 31일 기준 운전자본을 목표로 한다.","이후","['following', 'subsequent', 'next', 'after', 'later']","[]","Relation"
"2024년 12월 31일 기준 운전자본을 목표로 한다.","거래종결일 운전자본과 비교하여 조정한다.","이후","['following', 'subsequent', 'next', 'after', 'later']","[]","Relation"
"거래종결일 운전자본과 비교하여 조정한다.","운전자본 금액이 변동될 수 있다.","결과로","['produce', 'bring about', 'cause', 'lead to', 'result in']","[]","Relation"
"운전자본 계산의 기준일을 직전 회계연도 말로 정한다.","운전자본","is participated by","['be attended by', 'be taken part by', 'be engaged by', 'be joined by']","[]","Relation"
"운전자본 계산의 기준일을 직전 회계연도 말로 정한다.","직전 회계연도 말","is participated by","['be attended by', 'be taken part by', 'be engaged by', 'be joined by']","[]","Relation"
"2024년 12월 31일 기준 운전자본을 목표로 삼는다.","2024년 12월 31일","is participated by","['be attended by', 'be taken part by', 'be engaged by', 'be joined by']","[]","Relation"
"2024년 12월 31일 기준 운전자본을 목표로 삼는다.","운전자본","is participated by","['be attended by', 'be taken part by', 'be engaged by', 'be joined by']","[]","Relation"
"거래종결일 운전자본과 비교하여 운전자본을 조정한다.","거래종결일 운전자본","is participated by","['be attended by', 'be taken part by', 'be engaged by', 'be joined by']","[]","Relation"
"거래종결일 운전자본과 비교하여 운전자본을 조정한다.","운전자본","is participated by","['be attended by', 'be taken part by', 'be engaged by', 'be joined by']","[]","Relation"
"거래비용","당사자","각자 부담한다","['split costs', 'share expenses', 'individual payment', 'separate payment', 'divide payment']","[]","Relation"
"거래가 이루어진다.","거래비용을 각자 부담한다.","이후","['following', 'subsequent', 'next', 'after', 'later']","[]","Relation"
"거래비용을 각자 부담한다.","각 당사자가 자신의 비용을 스스로 지불한다.","결과로","['produce', 'bring about', 'cause', 'lead to', 'result in']","[]","Relation"
"거래비용을 각자가 부담한다.","거래 당사자","is participated by","['be attended by', 'be taken part by', 'be engaged by', 'be joined by']","[]","Relation"
"제3장은 진술 및 보증에 대해 다룬다.","제3장","is participated by","['be attended by', 'be taken part by', 'be engaged by', 'be joined by']","[]","Relation"
"제3장은 진술 및 보증에 대해 다룬다.","진술","is participated by","['be attended by', 'be taken part by', 'be engaged by', 'be joined by']","[]","Relation"
"제3장은 진술 및 보증에 대해 다룬다.","보증","is participated by","['be attended by', 'be taken part by', 'be engaged by', 'be joined by']","[]","Relation"
"매도인","다음 사항","진술 보증한다","['declare', 'assert', 'warrant', 'guarantee', 'affirm']","[]","Relation"
"매도인이 진술한다.","매도인이 보증한다.","이후","['following', 'subsequent', 'next', 'after', 'later']","[]","Relation"
"매도인이 다음 사항을 진술 보증한다.","매도인","is participated by","['be attended by', 'be taken part by', 'be engaged by', 'be joined by']","[]","Relation"
"소유권","주체","완전하게 보유된다","['have wholly', 'retain entirely', 'possess fully', 'own entirely', 'hold completely']","[]","Relation"
"완전한 소유권을 보유한다.","소유자는 재산을 자유롭게 처분할 수 있다.","결과로","['produce', 'bring about', 'cause', 'lead to', 'result in']","[]","Relation"
"소유자는 완전한 소유권을 보유한다.","소유자","is participated by","['be attended by', 'be taken part by', 'be engaged by', 'be joined by']","[]","Relation"
"재무제표가 정확하다.","제33조가 적용된다.","결과로","['produce', 'bring about', 'cause', 'lead to', 'result in']","[]","Relation"
"재무제표가 정확하다.","재무제표","is participated by","['be attended by', 'be taken part by', 'be engaged by', 'be joined by']","[]","Relation"
"공개","중요부채","외","['aside from', 'exclude', 'except', 'apart from', 'other than']","[]","Relation"
"공개 외 중요부채 없다.","해당 문서에는 중요부채가 공개된 것 외에 존재하지 않는다.","결과로","['produce', 'bring about', 'cause', 'lead to', 'result in']","[]","Relation"
"중요 소송이 없다.","현재 시점이다.","동시에","['concurrently', 'at the same time', 'in parallel', 'simultaneously']","[]","Relation"
"계약","계약","성실히 이행되어야 한다","['follow through', 'execute properly', 'fulfill duty', 'perform diligently', 'comply']","[]","Relation"
"계약을 체결한다.","계약을 성실히 이행한다.","이후","['following', 'subsequent', 'next', 'after', 'later']","[]","Relation"
"계약을 성실하게 이행한다.","계약","is participated by","['be attended by', 'be taken part by', 'be engaged by', 'be joined by']","[]","Relation"
"제37조","법규 준수","규정한다","['set rules', 'determine', 'specify', 'establish', 'define']","[]","Relation"
"법규가 존재한다.","법규를 준수한다.","결과로","['produce', 'bring about', 'cause', 'lead to', 'result in']","[]","Relation"
"법규를 준수한다.","법규","is participated by","['be attended by', 'be taken part by', 'be engaged by', 'be joined by']","[]","Relation"
"세금","세무","적시에 납부되었다","['punctual', 'timely payment', 'met deadline', 'compliance', 'on time']","[]","Relation"
"세금 적시 납부했다.","세금 체납에 따른 불이익이 발생하지 않았다.","이후","['following', 'subsequent', 'next', 'after', 'later']","[]","Relation"
"세금을 적시에 납부했다.","세금","is participated by","['be attended by', 'be taken part by', 'be engaged by', 'be joined by']","[]","Relation"
"노동","노동법","관련된다","['관계', '상관성', '연결', '연관성', '연계']","[]","Relation"
"노동","노동법","준수한다","['obey', 'observe', 'follow', 'adhere', 'comply']","[]","Relation"
"노동법을 준수한다.","노동과 관련된 권리와 의무가 보호된다.","결과로","['produce', 'bring about', 'cause', 'lead to', 'result in']","[]","Relation"
"노동법을 준수한다.","노동법","is participated by","['be attended by', 'be taken part by', 'be engaged by', 'be joined by']","[]","Relation"
"자산 양호하다.","제40조 적용된다.","동시에","['concurrently', 'at the same time', 'in parallel', 'simultaneously']","[]","Relation"
"자산이 양호하다.","자산","is participated by","['be attended by', 'be taken part by', 'be engaged by', 'be joined by']","[]","Relation"
"중요계약","공개 외","존재하지 않는다","['lack', 'nonexistence', 'absence', 'nullity', 'void']","[]","Relation"
"공개계약이 존재한다.","중요계약은 공개 외에는 존재하지 않는다.","이후","['following', 'subsequent', 'next', 'after', 'later']","[]","Relation"
"중요계약이 공개 외에는 존재하지 않는다.","중요계약","is participated by","['be attended by', 'be taken part by', 'be engaged by', 'be joined by']","[]","Relation"
"매수인","권한 보유","진술한다","['express', 'declare', 'assert', 'state', 'communicate']","[]","Relation"
"매수인은 권한을 보유한다.","매수인은 진술한다.","동시에","['concurrently', 'at the same time', 'in parallel', 'simultaneously']","[]","Relation"
"매수인이 권한을 보유한다.","매수인","is participated by","['be attended by', 'be taken part by', 'be engaged by', 'be joined by']","[]","Relation"
"거래종결일","본 계약 체결일로부터 정확히 90일 후","정해진다","['규정된다', '결정된다', '확정된다', '지정된다', '정의된다']","[]","Relation"
"거래종결일","2025년 4월 1일","정해진다","['규정된다', '결정된다', '확정된다', '지정된다', '정의된다']","[]","Relation"
"거래종결일","당사자 합의","변경 불가하다","['unchangeability', 'permanence', 'constancy', 'fixity', 'immutability']","[]","Relation"
"본 계약이 체결된다.","정확히 90일 후에 거래종결일이 도래한다.","이후","['following', 'subsequent', 'next', 'after', 'later']","[]","Relation"
"2025년 4월 1일이 도래한다.","거래종결일이 된다.","동시에","['concurrently', 'at the same time', 'in parallel', 'simultaneously']","[]","Relation"
"당사자 합의가 이루어진다.","거래종결일은 변경될 수 없다.","결과로","['produce', 'bring about', 'cause', 'lead to', 'result in']","[]","Relation"
"거래종결일은 본 계약 체결일로부터 정확히 90일 후로 정해진다.","거래종결일","is participated by","['be attended by', 'be taken part by', 'be engaged by', 'be joined by']","[]","Relation"
"거래종결일은 본 계약 체결일로부터 정확히 90일 후로 정해진다.","본 계약 체결일","is participated by","['be attended by', 'be taken part by', 'be engaged by', 'be joined by']","[]","Relation"
"2025년 4월 1일을 거래종결일로 정한다.","2025년 4월 1일","is participated by","['be attended by', 'be taken part by', 'be engaged by', 'be joined by']","[]","Relation"
"2025년 4월 1일을 거래종결일로 정한다.","거래종결일","is participated by","['be attended by', 'be taken part by', 'be engaged by', 'be joined by']","[]","Relation"
"거래종결일은 당사자 합의로 변경할 수 없다.","거래종결일","is participated by","['be attended by', 'be taken part by', 'be engaged by', 'be joined by']","[]","Relation"
"거래종결일은 당사자 합의로 변경할 수 없다.","당사자","is participated by","['be attended by', 'be taken part by', 'be engaged by', 'be joined by']","[]","Relation"
"제44조","자금","규정한다","['set rules', 'determine', 'specify', 'establish', 'define']","[]","Relation"
"주체","충분한 자금","확보했다","['secure', 'acquire', 'obtain', 'gain', 'get']","[]","Relation"
"충분한 자금 확보했다.","프로젝트를 원활하게 진행할 수 있었다.","결과로","['produce', 'bring about', 'cause', 'lead to', 'result in']","[]","Relation"
"충분한 자금을 확보했다.","자금","is participated by","['be attended by', 'be taken part by', 'be engaged by', 'be joined by']","[]","Relation"
"제45조","인지 사항","제한을 규정한다","['impose limits', 'set boundaries', 'establish restrictions', 'define constraints']","[]","Relation"
"인지 사항","제한","제외된다","['separate', 'exclude', 'remove', 'omit', 'leave out']","[]","Relation"
"제45조가 존재한다.","인지 사항이 제외된다.","이전","['transition', 'transfer', 'shift', 'move', 'relocation']","[]","Relation"
"제45조가 존재한다.","인지 사항이 제외된다.","때문에","['as a result of', 'due to', 'reason', 'cause', 'owing to']","[]","Relation"
"제45조가 인지 사항을 제외한다.","제45조","is participated by","['be attended by', 'be taken part by', 'be engaged by', 'be joined by']","[]","Relation"
"제45조가 인지 사항을 제외한다.","인지 사항","is participated by","['be attended by', 'be taken part by', 'be engaged by', 'be joined by']","[]","Relation"
"정보가 정확하다.","제46조에 명시된다.","결과로","['produce', 'bring about', 'cause', 'lead to', 'result in']","[]","Relation"
"정보가 정확하다.","정보","is participated by","['be attended by', 'be taken part by', 'be engaged by', 'be joined by']","[]","Relation"
"변경","상대방","발생하면 통지한다","['alert event', 'inform incident', 'notify occurrence', 'report happening']","[]","Relation"
"변경이 발생한다.","통지한다.","이후","['following', 'subsequent', 'next', 'after', 'later']","[]","Relation"
"변경이 발생한다.","통지한다.","때문에","['as a result of', 'due to', 'reason', 'cause', 'owing to']","[]","Relation"
"변경이 발생한다.","변경","is participated by","['be attended by', 'be taken part by', 'be engaged by', 'be joined by']","[]","Relation"
"통지를 한다.","통지자","is participated by","['be attended by', 'be taken part by', 'be engaged by', 'be joined by']","[]","Relation"
"통지를 한다.","수신자","is participated by","['be attended by', 'be taken part by', 'be engaged by', 'be joined by']","[]","Relation"
"위반","배상","발생하면","['occur', 'arise', 'trigger', 'happen', 'take place']","[]","Relation"
"위반이 발생한다.","배상한다.","결과로","['produce', 'bring about', 'cause', 'lead to', 'result in']","[]","Relation"
"회계","기준","일관된 기준을 적용했다","['standardization', 'consistency', 'harmonization', 'regularity', 'uniformity']","[]","Relation"
"일관된 기준을 적용했다.","회계가 이루어졌다.","이후","['following', 'subsequent', 'next', 'after', 'later']","[]","Relation"
"일관된 기준을 적용했다.","일관된 기준","is participated by","['be attended by', 'be taken part by', 'be engaged by', 'be joined by']","[]","Relation"
"예측","합리적 예측","이다","['exist', 'express identity', 'equate', 'denote', 'represent', 'signify']","[]","Relation"
"합리적 예측이다.","예측이다.","결과로","['produce', 'bring about', 'cause', 'lead to', 'result in']","[]","Relation"
"제50조는 예측에 대해 규정한다.","제50조","is participated by","['be attended by', 'be taken part by', 'be engaged by', 'be joined by']","[]","Relation"
"제50조는 예측에 대해 규정한다.","예측","is participated by","['be attended by', 'be taken part by', 'be engaged by', 'be joined by']","[]","Relation"
"예측은 합리적이어야 한다.","예측","is participated by","['be attended by', 'be taken part by', 'be engaged by', 'be joined by']","[]","Relation"
"제4장 거래종결이 언급된다.","제4장","is participated by","['be attended by', 'be taken part by', 'be engaged by', 'be joined by']","[]","Relation"
"제4장 거래종결이 언급된다.","거래종결","is participated by","['be attended by', 'be taken part by', 'be engaged by', 'be joined by']","[]","Relation"
"종결 절차","제43조의 거래종결일","종결된다","['finish', 'terminate', 'conclude', 'cease', 'end']","[]","Relation"
"제43조의 거래종결일이 도래한다.","제51조의 종결 절차가 진행된다.","이후","['following', 'subsequent', 'next', 'after', 'later']","[]","Relation"
"제43조의 거래종결일이 도래한다.","종결한다.","때문에","['as a result of', 'due to', 'reason', 'cause', 'owing to']","[]","Relation"
"거래가 종결된다.","제43조의 거래","is participated by","['be attended by', 'be taken part by', 'be engaged by', 'be joined by']","[]","Relation"
"진술보증","제52조의 전제조건","정확해야 한다","['be precise', 'maintain correctness', 'ensure validity', 'be accurate', 'be exact']","[]","Relation"
"진술보증이 정확해야 한다.","제52조가 적용된다.","전제조건","['condition', 'necessity', 'foundation', 'prerequisite', 'requirement']","[]","Relation"
"진술보증이 정확해야 한다.","진술보증","is participated by","['be attended by', 'be taken part by', 'be engaged by', 'be joined by']","[]","Relation"
"매도인","대금 준비","조건으로 요구한다","['specify', 'require', 'necessitate', 'stipulate', 'demand']","[]","Relation"
"매도인이 대금을 준비한다.","매도인 조건이 성립한다.","이전에","['before', 'preceding', 'prior', 'earlier']","[]","Relation"
"매도인의 조건으로 대금이 준비되어야 한다.","매도인","is participated by","['be attended by', 'be taken part by', 'be engaged by', 'be joined by']","[]","Relation"
"매도인의 조건으로 대금이 준비되어야 한다.","대금","is participated by","['be attended by', 'be taken part by', 'be engaged by', 'be joined by']","[]","Relation"
"종결","서울","장소가","['setting', 'site', 'area', 'location', 'venue', 'place']","[]","Relation"
"제54조에 따라 장소가 결정된다.","서울에서 종결한다.","이후","['following', 'subsequent', 'next', 'after', 'later']","[]","Relation"
"제54조가 서울에서 종결된다.","제54조","is participated by","['be attended by', 'be taken part by', 'be engaged by', 'be joined by']","[]","Relation"
"제54조가 서울에서 종결된다.","서울","is participated by","['be attended by', 'be taken part by', 'be engaged by', 'be joined by']","[]","Relation"
"필요서류","수령자","인도한다","['usher', 'guide', 'steer', 'lead', 'direct']","[]","Relation"
"필요서류를 준비한다.","필요서류를 인도한다.","이후","['following', 'subsequent', 'next', 'after', 'later']","[]","Relation"
"필요서류를 인도한다.","필요서류","is participated by","['be attended by', 'be taken part by', 'be engaged by', 'be joined by']","[]","Relation"
"필요서류를 인도한다.","인도받는 자","is participated by","['be attended by', 'be taken part by', 'be engaged by', 'be joined by']","[]","Relation"
"필요서류를 인도한다.","인도하는 자","is participated by","['be attended by', 'be taken part by', 'be engaged by', 'be joined by']","[]","Relation"
"제56조","임원","규정한다","['set rules', 'determine', 'specify', 'establish', 'define']","[]","Relation"
"이사","새 이사","선임된다","['appoint', 'assign', 'promote', 'select', 'designate']","[]","Relation"
"임원에 관한 규정이 있다.","새 이사 선임한다.","이전","['transition', 'transfer', 'shift', 'move', 'relocation']","[]","Relation"
"새 이사를 선임한다.","새 이사","is participated by","['be attended by', 'be taken part by', 'be engaged by', 'be joined by']","[]","Relation"
"권리","완전한 권리","이전된다","['change location', 'relocate', 'transfer', 'shift', 'move']","[]","Relation"
"권리가 이전된다.","완전한 권리 이전된다.","결과로","['produce', 'bring about', 'cause', 'lead to', 'result in']","[]","Relation"
"권리가 완전하게 이전된다.","권리","is participated by","['be attended by', 'be taken part by', 'be engaged by', 'be joined by']","[]","Relation"
"종결확인서를 작성한다.","확인서가 완성된다.","이후","['following', 'subsequent', 'next', 'after', 'later']","[]","Relation"
"종결확인서를 작성한다.","종결확인서","is participated by","['be attended by', 'be taken part by', 'be engaged by', 'be joined by']","[]","Relation"
"매수인","주주명부","기재된다","['listed', 'registered', 'entered', 'documented', 'recorded']","[]","Relation"
"매수인이 발생한다.","주주명부에 매수인을 기재한다.","이후","['following', 'subsequent', 'next', 'after', 'later']","[]","Relation"
"매수인을 주주명부에 기재한다.","매수인","is participated by","['be attended by', 'be taken part by', 'be engaged by', 'be joined by']","[]","Relation"
"매수인을 주주명부에 기재한다.","주주명부","is participated by","['be attended by', 'be taken part by', 'be engaged by', 'be joined by']","[]","Relation"
"경영권이 이전된다.","새로운 주체가 경영을 담당한다.","이후","['following', 'subsequent', 'next', 'after', 'later']","[]","Relation"
"경영권이 이전된다.","경영권","is participated by","['be attended by', 'be taken part by', 'be engaged by', 'be joined by']","[]","Relation"
"부채 증가분","매매가격","차감된다","['reduce', 'decrease', 'subtract', 'deduct', 'diminish']","[]","Relation"
"차입금 증가","매매가격","2배수로 차감된다","['amplified subtraction', 'double deduction', 'increased decrease', 'multiply reduction']","[]","Relation"
"차입금 10억 증가","매매가격","20억 차감된다","['deduction', 'reduction', 'decrease', 'subtraction', 'loss']","[]","Relation"
"부채가 증가한다.","매매가격에서 부채 증가분이 차감된다.","결과로","['produce', 'bring about', 'cause', 'lead to', 'result in']","[]","Relation"
"차입금이 증가한다.","매매가격에서 해당 차입금 증가분의 2배가 차감된다.","결과로","['produce', 'bring about', 'cause', 'lead to', 'result in']","[]","Relation"
"차입금이 10억 증가한다.","매매가격에서 20억이 차감된다.","결과로","['produce', 'bring about', 'cause', 'lead to', 'result in']","[]","Relation"
"부채 증가분을 매매가격에서 차감한다.","부채 증가분","is participated by","['be attended by', 'be taken part by', 'be engaged by', 'be joined by']","[]","Relation"
"부채 증가분을 매매가격에서 차감한다.","매매가격","is participated by","['be attended by', 'be taken part by', 'be engaged by', 'be joined by']","[]","Relation"
"차입금 증가를 2배수로 차감한다.","차입금 증가","is participated by","['be attended by', 'be taken part by', 'be engaged by', 'be joined by']","[]","Relation"
"차입금이 10억 증가할 때 20억을 차감한다.","차입금","is participated by","['be attended by', 'be taken part by', 'be engaged by', 'be joined by']","[]","Relation"
"차입금이 10억 증가할 때 20억을 차감한다.","10억","is participated by","['be attended by', 'be taken part by', 'be engaged by', 'be joined by']","[]","Relation"
"차입금이 10억 증가할 때 20억을 차감한다.","20억","is participated by","['be attended by', 'be taken part by', 'be engaged by', 'be joined by']","[]","Relation"
"불이행","배상","발생할 경우","['condition', 'event', 'contingency', 'possibility', 'occurrence']","[]","Relation"
"불이행이 발생한다.","배상한다.","결과로","['produce', 'bring about', 'cause', 'lead to', 'result in']","[]","Relation"
"조건","포기","포기 가능하다","['relinquishable', 'forfeitable', 'abandonable', 'surrenderable', 'revocable']","[]","Relation"
"조건이 있다.","조건을 포기할 수 있다.","이전에","['before', 'preceding', 'prior', 'earlier']","[]","Relation"
"조건을 포기한다.","조건이 더 이상 적용되지 않는다.","결과로","['produce', 'bring about', 'cause', 'lead to', 'result in']","[]","Relation"
"조건을 포기할 수 있다.","조건","is participated by","['be attended by', 'be taken part by', 'be engaged by', 'be joined by']","[]","Relation"
"행정사항","행정사항","협력한다","['work together', 'collaborate', 'team up', 'cooperate', 'join forces']","[]","Relation"
"행정사항이 발생한다.","협력한다.","이후","['following', 'subsequent', 'next', 'after', 'later']","[]","Relation"
"행정사항을 협력한다.","행정사항","is participated by","['be attended by', 'be taken part by', 'be engaged by', 'be joined by']","[]","Relation"
"계좌정보","계좌","통지한다","['report', 'announce', 'communicate', 'inform', 'notify']","[]","Relation"
"계좌정보를 알게 된다.","계좌정보를 통지한다.","이후","['following', 'subsequent', 'next', 'after', 'later']","[]","Relation"
"계좌정보를 통지한다.","계좌정보","is participated by","['be attended by', 'be taken part by', 'be engaged by', 'be joined by']","[]","Relation"
"계좌정보를 통지한다.","통지하는 자","is participated by","['be attended by', 'be taken part by', 'be engaged by', 'be joined by']","[]","Relation"
"계좌정보를 통지한다.","통지를 받는 자","is participated by","['be attended by', 'be taken part by', 'be engaged by', 'be joined by']","[]","Relation"
"세금","주체","각자 부담한다","['split costs', 'share expenses', 'individual payment', 'separate payment', 'divide payment']","[]","Relation"
"세금은 발생한다.","각자가 세금을 부담한다.","결과로","['produce', 'bring about', 'cause', 'lead to', 'result in']","[]","Relation"
"각자 세금을 부담한다.","각자","is participated by","['be attended by', 'be taken part by', 'be engaged by', 'be joined by']","[]","Relation"
"등기","등기","협력한다","['work together', 'collaborate', 'team up', 'cooperate', 'join forces']","[]","Relation"
"등기를 한다.","협력한다.","동시에","['concurrently', 'at the same time', 'in parallel', 'simultaneously']","[]","Relation"
"직원","고용","고용 승계한다","['transfer workforce', 'inherit employment', 'retain staff', 'continue employment']","[]","Relation"
"제68조가 시행된다.","직원 고용이 승계된다.","이후","['following', 'subsequent', 'next', 'after', 'later']","[]","Relation"
"제68조가 적용된다.","직원 고용이 승계된다.","때문에","['as a result of', 'due to', 'reason', 'cause', 'owing to']","[]","Relation"
"직원의 고용이 승계된다.","직원","is participated by","['be attended by', 'be taken part by', 'be engaged by', 'be joined by']","[]","Relation"
"매수인","감사","감사를 선임한다","['assign role', 'select official', 'designate inspector', 'appoint auditor']","[]","Relation"
"매수인 감사 선임한다.","제69조가 적용된다.","이후","['following', 'subsequent', 'next', 'after', 'later']","[]","Relation"
"매수인이 감사를 선임한다.","매수인","is participated by","['be attended by', 'be taken part by', 'be engaged by', 'be joined by']","[]","Relation"
"매수인이 감사를 선임한다.","감사","is participated by","['be attended by', 'be taken part by', 'be engaged by', 'be joined by']","[]","Relation"
"문서","수령자","인도된다","['usher', 'guide', 'transfer', 'lead', 'direct']","[]","Relation"
"문서를 준비한다.","문서를 인도한다.","이후","['following', 'subsequent', 'next', 'after', 'later']","[]","Relation"
"문서를 인도한다.","문서","is participated by","['be attended by', 'be taken part by', 'be engaged by', 'be joined by']","[]","Relation"
"거래가 종결된다.","각 당사자는 상대방의 요청에 따라 추가로 필요한 서류를 제공한다.","이후","['following', 'subsequent', 'next', 'after', 'later']","[]","Relation"
"거래가 종결된다.","각 당사자는 상대방의 요청에 따라 필요한 절차를 이행한다.","이후","['following', 'subsequent', 'next', 'after', 'later']","[]","Relation"
"제5장 거래종결 후 사항이 규정된다.","제5장","is participated by","['be attended by', 'be taken part by', 'be engaged by', 'be joined by']","[]","Relation"
"제5장 거래종결 후 사항이 규정된다.","거래종결 후 사항","is participated by","['be attended by', 'be taken part by', 'be engaged by', 'be joined by']","[]","Relation"
"제71조","3개월","지원한다","['seek', 'attempt', 'request', 'apply', 'pursue']","[]","Relation"
"지원한다.","3개월 지원한다.","이전에","['before', 'preceding', 'prior', 'earlier']","[]","Relation"
"지원한다.","3개월 지원한다.","동시에","['concurrently', 'at the same time', 'in parallel', 'simultaneously']","[]","Relation"
"3개월 동안 지원이 제공된다.","지원","is participated by","['be attended by', 'be taken part by', 'be engaged by', 'be joined by']","[]","Relation"
"배상한도","매매대금 20%","제한된다","['constrained', 'bounded', 'confined', 'restricted', 'limited']","[]","Relation"
"배상한도가 매매대금 20%로 제한된다.","전체 배상액이 매매대금의 20%를 초과할 수 없다.","결과로","['produce', 'bring about', 'cause', 'lead to', 'result in']","[]","Relation"
"배상한도가 매매대금 20%로 제한된다.","배상한도","is participated by","['be attended by', 'be taken part by', 'be engaged by', 'be joined by']","[]","Relation"
"배상한도가 매매대금 20%로 제한된다.","매매대금","is participated by","['be attended by', 'be taken part by', 'be engaged by', 'be joined by']","[]","Relation"
"인지사항이 발생한다.","면책된다.","결과로","['produce', 'bring about', 'cause', 'lead to', 'result in']","[]","Relation"
"인지사항이 면책된다.","인지사항","is participated by","['be attended by', 'be taken part by', 'be engaged by', 'be joined by']","[]","Relation"
"제74조","협력 강화","규정한다","['set rules', 'determine', 'specify', 'establish', 'define']","[]","Relation"
"각 당사자","상대방 당사자","적극 협력한다","['work together', 'collaborate', 'assist', 'contribute', 'support']","[]","Relation"
"협력 강화가 이루어진다.","적극 협력한다.","결과로","['produce', 'bring about', 'cause', 'lead to', 'result in']","[]","Relation"
"청구","서면","수행된다","['발생', '작동', '실행', '이루어짐', '진행']","[]","Relation"
"서면으로 청구한다.","제75조가 적용된다.","이전","['transition', 'transfer', 'shift', 'move', 'relocation']","[]","Relation"
"청구를 서면으로 한다.","청구","is participated by","['be attended by', 'be taken part by', 'be engaged by', 'be joined by']","[]","Relation"
"손해배상","상계","상계가 가능하다","['adjust', 'counterbalance', 'offset', 'compensate', 'neutralize']","[]","Relation"
"손해배상을 해야 한다.","상계를 할 수 있다.","이후","['following', 'subsequent', 'next', 'after', 'later']","[]","Relation"
"손해배상을 해야 한다.","상계가 가능하다.","결과로","['produce', 'bring about', 'cause', 'lead to', 'result in']","[]","Relation"
"손해배상에서 상계가 가능하다.","손해배상","is participated by","['be attended by', 'be taken part by', 'be engaged by', 'be joined by']","[]","Relation"
"손해배상에서 상계가 가능하다.","상계","is participated by","['be attended by', 'be taken part by', 'be engaged by', 'be joined by']","[]","Relation"
"운전자본","유동자산 - 유동부채","정의된다","['규정된다', '규정화', '설명된다', '의미 부여', '분류된다']","[]","Relation"
"유동자산","현금","포함한다","['encompass', 'contain', 'consist of', 'involve', 'comprise']","[]","Relation"
"유동자산","매출채권","포함한다","['encompass', 'contain', 'consist of', 'involve', 'comprise']","[]","Relation"
"유동자산","재고자산","포함한다","['encompass', 'contain', 'consist of', 'involve', 'comprise']","[]","Relation"
"유동부채","매입채무","포함한다","['encompass', 'contain', 'consist of', 'involve', 'comprise']","[]","Relation"
"유동부채","단기차입금","포함한다","['encompass', 'contain', 'consist of', 'involve', 'comprise']","[]","Relation"
"운전자본은 유동자산에서 유동부채를 뺀 값이다","운전자본 = 유동자산 - 유동부채라는 공식이 정의된다","결과로","['produce', 'bring about', 'cause', 'lead to', 'result in']","[]","Relation"
"유동자산에는 현금, 매출채권, 재고자산 등이 포함된다","유동자산이 운전자본 계산에 사용된다","동시에","['concurrently', 'at the same time', 'in parallel', 'simultaneously']","[]","Relation"
"유동부채에는 매입채무, 단기차입금 등이 포함된다","유동부채가 운전자본 계산에 사용된다","동시에","['concurrently', 'at the same time', 'in parallel', 'simultaneously']","[]","Relation"
"운전자본은 유동자산에서 유동부채를 뺀 값으로 정의된다.","운전자본","is participated by","['be attended by', 'be taken part by', 'be engaged by', 'be joined by']","[]","Relation"
"운전자본은 유동자산에서 유동부채를 뺀 값으로 정의된다.","유동자산","is participated by","['be attended by', 'be taken part by', 'be engaged by', 'be joined by']","[]","Relation"
"운전자본은 유동자산에서 유동부채를 뺀 값으로 정의된다.","유동부채","is participated by","['be attended by', 'be taken part by', 'be engaged by', 'be joined by']","[]","Relation"
"유동자산에는 현금, 매출채권, 재고자산 등이 포함된다.","유동자산","is participated by","['be attended by', 'be taken part by', 'be engaged by', 'be joined by']","[]","Relation"
"유동자산에는 현금, 매출채권, 재고자산 등이 포함된다.","현금","is participated by","['be attended by', 'be taken part by', 'be engaged by', 'be joined by']","[]","Relation"
"유동자산에는 현금, 매출채권, 재고자산 등이 포함된다.","매출채권","is participated by","['be attended by', 'be taken part by', 'be engaged by', 'be joined by']","[]","Relation"
"유동자산에는 현금, 매출채권, 재고자산 등이 포함된다.","재고자산","is participated by","['be attended by', 'be taken part by', 'be engaged by', 'be joined by']","[]","Relation"
"유동부채에는 매입채무, 단기차입금 등이 포함된다.","유동부채","is participated by","['be attended by', 'be taken part by', 'be engaged by', 'be joined by']","[]","Relation"
"유동부채에는 매입채무, 단기차입금 등이 포함된다.","매입채무","is participated by","['be attended by', 'be taken part by', 'be engaged by', 'be joined by']","[]","Relation"
"유동부채에는 매입채무, 단기차입금 등이 포함된다.","단기차입금","is participated by","['be attended by', 'be taken part by', 'be engaged by', 'be joined by']","[]","Relation"
"자산","매수인","귀속된다","['be attributed to', 'be assigned to', 'be associated with', 'belong to', 'be affiliated with']","[]","Relation"
"부채","매도인","귀속된다","['be attributed to', 'be assigned to', 'be associated with', 'belong to', 'be affiliated with']","[]","Relation"
"추가로 발견된 자산이 있다.","자산은 매수인에게 귀속된다.","결과로","['produce', 'bring about', 'cause', 'lead to', 'result in']","[]","Relation"
"추가로 발견된 부채가 있다.","부채는 매도인에게 귀속된다.","결과로","['produce', 'bring about', 'cause', 'lead to', 'result in']","[]","Relation"
"자산은 매수인에게 귀속된다.","자산","is participated by","['be attended by', 'be taken part by', 'be engaged by', 'be joined by']","[]","Relation"
"자산은 매수인에게 귀속된다.","매수인","is participated by","['be attended by', 'be taken part by', 'be engaged by', 'be joined by']","[]","Relation"
"부채는 매도인에게 귀속된다.","부채","is participated by","['be attended by', 'be taken part by', 'be engaged by', 'be joined by']","[]","Relation"
"부채는 매도인에게 귀속된다.","매도인","is participated by","['be attended by', 'be taken part by', 'be engaged by', 'be joined by']","[]","Relation"
"기존 브랜드","브랜드","사용된다","['apply', 'serve', 'employ', 'utilize', 'function']","[]","Relation"
"브랜드가 존재한다.","기존 브랜드를 사용한다.","이전에","['before', 'preceding', 'prior', 'earlier']","[]","Relation"
"기존 브랜드를 사용한다.","새로운 브랜드를 만들지 않는다.","결과로","['produce', 'bring about', 'cause', 'lead to', 'result in']","[]","Relation"
"기존 브랜드를 사용한다.","기존 브랜드","is participated by","['be attended by', 'be taken part by', 'be engaged by', 'be joined by']","[]","Relation"
"기존 배당","매도인","귀속된다","['be attributed to', 'be assigned to', 'be associated with', 'belong to', 'be affiliated with']","[]","Relation"
"배당이 이루어진다.","기존 배당이 매도인에게 귀속된다.","이후","['following', 'subsequent', 'next', 'after', 'later']","[]","Relation"
"배당이 이루어진다.","기존 배당이 매도인에게 귀속된다.","결과로","['produce', 'bring about', 'cause', 'lead to', 'result in']","[]","Relation"
"기존 배당이 매도인에게 귀속된다.","기존 배당","is participated by","['be attended by', 'be taken part by', 'be engaged by', 'be joined by']","[]","Relation"
"기존 배당이 매도인에게 귀속된다.","매도인","is participated by","['be attended by', 'be taken part by', 'be engaged by', 'be joined by']","[]","Relation"
"연결재무제표","연결","포함된다","['속하다', '멤버가 되다', '포함시키다', '일부가 되다', '포함']","[]","Relation"
"연결재무제표가 포함된다.","연결이 이루어진다.","결과로","['produce', 'bring about', 'cause', 'lead to', 'result in']","[]","Relation"
"연결재무제표가 포함된다.","연결재무제표","is participated by","['be attended by', 'be taken part by', 'be engaged by', 'be joined by']","[]","Relation"
"협력","시너지","목적이다","['purpose', 'aim', 'intention', 'goal', 'objective']","[]","Relation"
"협력한다.","시너지가 발생한다.","결과로","['produce', 'bring about', 'cause', 'lead to', 'result in']","[]","Relation"
"시너지를 위해 협력한다.","협력 당사자들","is participated by","['be attended by', 'be taken part by', 'be engaged by', 'be joined by']","[]","Relation"
"제83조","영업비밀","보호한다","['shield', 'guard', 'defend', 'preserve', 'keep safe']","[]","Relation"
"영업비밀을 보호한다.","영업비밀이 존재한다.","이전에","['before', 'preceding', 'prior', 'earlier']","[]","Relation"
"영업비밀이 보호된다.","비밀이 유지된다.","결과로","['produce', 'bring about', 'cause', 'lead to', 'result in']","[]","Relation"
"영업비밀을 보호한다.","영업비밀","is participated by","['be attended by', 'be taken part by', 'be engaged by', 'be joined by']","[]","Relation"
"공급계약","공급","유지된다","['지속된다', '계속된다', '존속', '보존된다', '유지됨']","[]","Relation"
"공급계약을 유지한다.","공급이 이루어진다.","결과로","['produce', 'bring about', 'cause', 'lead to', 'result in']","[]","Relation"
"공급계약을 유지한다.","공급계약","is participated by","['be attended by', 'be taken part by', 'be engaged by', 'be joined by']","[]","Relation"
"제85조","연구개발 계속","규정한다","['set rules', 'determine', 'specify', 'establish', 'define']","[]","Relation"
"R&D를 계속한다.","연구개발이 지속적으로 이루어진다.","이후","['following', 'subsequent', 'next', 'after', 'later']","[]","Relation"
"제86조","CSR","규정하다","['set rules', 'determine', 'specify', 'establish', 'define']","[]","Relation"
"CSR","사회책임","강조하다","['중점 두다', '집중하다', '부각하다', '두드러지게 하다', '중요시하다']","[]","Relation"
"기업이 사회적 책임(CSR)을 다한다.","사회에 긍정적인 영향이 발생한다.","결과로","['produce', 'bring about', 'cause', 'lead to', 'result in']","[]","Relation"
"제86조가 사회적 책임을 다한다는 내용을 규정한다.","제86조","is participated by","['be attended by', 'be taken part by', 'be engaged by', 'be joined by']","[]","Relation"
"규제","매수인","대응 책임이 있다","['take responsibility', 'address', 'handle', 'respond', 'manage']","[]","Relation"
"규제가 발생한다.","매수인이 규제에 대응한다.","이후","['following', 'subsequent', 'next', 'after', 'later']","[]","Relation"
"규제가 발생한다.","매수인에게 책임이 발생한다.","결과로","['produce', 'bring about', 'cause', 'lead to', 'result in']","[]","Relation"
"규제에 대응하는 책임이 매수인에게 있다.","규제","is participated by","['be attended by', 'be taken part by', 'be engaged by', 'be joined by']","[]","Relation"
"규제에 대응하는 책임이 매수인에게 있다.","매수인","is participated by","['be attended by', 'be taken part by', 'be engaged by', 'be joined by']","[]","Relation"
"시설","시설","유지한다","['keep', 'continue', 'preserve', 'sustain', 'retain']","[]","Relation"
"시설을 유지한다.","시설이 계속 정상적으로 사용된다.","이후","['following', 'subsequent', 'next', 'after', 'later']","[]","Relation"
"시설을 유지한다.","시설","is participated by","['be attended by', 'be taken part by', 'be engaged by', 'be joined by']","[]","Relation"
"분쟁","협력","해결을 위해","['tackle', 'address', 'approach', 'resolve', 'respond', 'deal with']","[]","Relation"
"분쟁이 발생한다.","분쟁해결 협력한다.","이후","['following', 'subsequent', 'next', 'after', 'later']","[]","Relation"
"분쟁이 발생한다.","분쟁해결 협력한다.","결과로","['produce', 'bring about', 'cause', 'lead to', 'result in']","[]","Relation"
"제90조","성과 추가조정 없음","규정한다","['set rules', 'determine', 'specify', 'establish', 'define']","[]","Relation"
"성과가 발생한다.","추가조정이 없다.","이후","['following', 'subsequent', 'next', 'after', 'later']","[]","Relation"
"제90조의 성과에 대해 추가조정이 없다.","제90조","is participated by","['be attended by', 'be taken part by', 'be engaged by', 'be joined by']","[]","Relation"
"제90조의 성과에 대해 추가조정이 없다.","성과","is participated by","['be attended by', 'be taken part by', 'be engaged by', 'be joined by']","[]","Relation"
"제6장 일반조항이 규정된다.","제6장 일반조항","is participated by","['be attended by', 'be taken part by', 'be engaged by', 'be joined by']","[]","Relation"
"통지","등기우편","등기우편으로 한다","['send officially', 'certified delivery', 'deliver by registered mail', 'formal mailing']","[]","Relation"
"통지","이메일","이메일로 한다","['send digitally', 'transmit online', 'correspond remotely', 'communicate electronically']","[]","Relation"
"통지를 한다.","등기우편 또는 이메일로 한다.","동시에","['concurrently', 'at the same time', 'in parallel', 'simultaneously']","[]","Relation"
"통지를 등기우편으로 한다.","통지","is participated by","['be attended by', 'be taken part by', 'be engaged by', 'be joined by']","[]","Relation"
"통지를 등기우편으로 한다.","등기우편","is participated by","['be attended by', 'be taken part by', 'be engaged by', 'be joined by']","[]","Relation"
"통지를 이메일로 한다.","통지","is participated by","['be attended by', 'be taken part by', 'be engaged by', 'be joined by']","[]","Relation"
"통지를 이메일로 한다.","이메일","is participated by","['be attended by', 'be taken part by', 'be engaged by', 'be joined by']","[]","Relation"
"매도인","거래종결 전 배당","실시할 수 있다","['수행하다', '실행하다', '적용하다', '가능하다', '허용하다']","[]","Relation"
"배당 재원","차입금","조달 가능하다","['provide', 'obtain', 'supply', 'availability', 'access']","[]","Relation"
"배당 재원 조달","통상의 영업과정","본다","['watch', 'notice', 'observe', 'view', 'perceive']","[]","Relation"
"매도인은 거래종결 전 배당을 실시할 수 있다.","거래종결이 이루어진다.","이후","['following', 'subsequent', 'next', 'after', 'later']","[]","Relation"
"배당 재원은 차입금으로 조달 가능하다.","배당이 실시된다.","결과로","['produce', 'bring about', 'cause', 'lead to', 'result in']","[]","Relation"
"배당이 실시된다.","이를 통상의 영업과정으로 본다.","때문에","['as a result of', 'due to', 'reason', 'cause', 'owing to']","[]","Relation"
"매도인이 거래종결 전에 배당을 실시한다.","매도인","is participated by","['be attended by', 'be taken part by', 'be engaged by', 'be joined by']","[]","Relation"
"배당 재원을 차입금으로 조달할 수 있다.","배당 재원","is participated by","['be attended by', 'be taken part by', 'be engaged by', 'be joined by']","[]","Relation"
"배당 재원을 차입금으로 조달할 수 있다.","차입금","is participated by","['be attended by', 'be taken part by', 'be engaged by', 'be joined by']","[]","Relation"
"거래종결 전 행위를 통상의 영업과정으로 본다.","거래종결 전 행위","is participated by","['be attended by', 'be taken part by', 'be engaged by', 'be joined by']","[]","Relation"
"제93조","대한민국 법률","적용한다","['enforce', 'use', 'practice', 'utilize', 'implement']","[]","Relation"
"제93조가 적용된다.","대한민국 법률이 적용된다.","이후","['following', 'subsequent', 'next', 'after', 'later']","[]","Relation"
"제93조가 적용된다.","대한민국 법률이 적용된다.","때문에","['as a result of', 'due to', 'reason', 'cause', 'owing to']","[]","Relation"
"대한민국 법률을 적용한다.","대한민국 법률","is participated by","['be attended by', 'be taken part by', 'be engaged by', 'be joined by']","[]","Relation"
"서울중앙지방법원","제94조","관할이다","['control', 'govern', 'oversee', 'have authority over', 'supervise']","[]","Relation"
"제94조가 규정된다.","서울중앙지방법원이 관할이 된다.","이후","['following', 'subsequent', 'next', 'after', 'later']","[]","Relation"
"제94조가 규정된다.","서울중앙지방법원이 관할이 된다.","때문에","['as a result of', 'due to', 'reason', 'cause', 'owing to']","[]","Relation"
"서울중앙지방법원이 관할이다.","서울중앙지방법원","is participated by","['be attended by', 'be taken part by', 'be engaged by', 'be joined by']","[]","Relation"
"제95조","중재","중재에 관한 규정을 포함한다","['cover regulations', 'include provisions', 'address guidelines', 'specify terms', 'contain rules']","[]","Relation"
"제95조","우호적 해결","우호적 해결을 우선한다","['prioritize resolution', 'favor cooperation', 'seek agreement', 'emphasize peace', 'prefer harmony']","[]","Relation"
"우호적 해결을 우선한다.","중재를 진행한다.","이전","['transition', 'transfer', 'shift', 'move', 'relocation']","[]","Relation"
"우호적 해결을 우선한다.","제95조","is participated by","['be attended by', 'be taken part by', 'be engaged by', 'be joined by']","[]","Relation"
"수정","서면합의","이루어진다","['생성된다', '이루어지다', '형성된다', '구성된다', '만들어진다']","[]","Relation"
"서면합의가 이루어진다.","수정한다.","이후","['following', 'subsequent', 'next', 'after', 'later']","[]","Relation"
"수정은 서면합의로 이루어진다.","수정","is participated by","['be attended by', 'be taken part by', 'be engaged by', 'be joined by']","[]","Relation"
"수정은 서면합의로 이루어진다.","서면합의","is participated by","['be attended by', 'be taken part by', 'be engaged by', 'be joined by']","[]","Relation"
"일부","나머지","무효여도","['ineffectiveness', 'inapplicability', 'invalidity', 'nullification']","[]","Relation"
"나머지","일부","유효하다","['apply', 'be valid', 'hold true', 'be effective', 'take effect']","[]","Relation"
"계약의 일부 조항이 무효가 된다.","나머지 조항은 유효하다.","이후","['following', 'subsequent', 'next', 'after', 'later']","[]","Relation"
"계약의 일부 조항이 무효가 된다.","나머지 조항은 유효하다.","결과로","['produce', 'bring about', 'cause', 'lead to', 'result in']","[]","Relation"
"일부 규정이 무효가 되더라도 나머지 규정은 유효하다.","일부 규정","is participated by","['be attended by', 'be taken part by', 'be engaged by', 'be joined by']","[]","Relation"
"일부 규정이 무효가 되더라도 나머지 규정은 유효하다.","나머지 규정","is participated by","['be attended by', 'be taken part by', 'be engaged by', 'be joined by']","[]","Relation"
"불행사","포기","포기가 아니다","['persistence', 'perseverance', 'not giving up', 'determination', 'resilience']","[]","Relation"
"권리를 행사하지 않았다.","권리를 포기한 것은 아니다.","이후","['following', 'subsequent', 'next', 'after', 'later']","[]","Relation"
"권리를 행사하지 않았다.","권리를 포기한 것으로 간주하지 않는다.","때문에","['as a result of', 'due to', 'reason', 'cause', 'owing to']","[]","Relation"
"불행사가 포기가 아니다.","불행사","is participated by","['be attended by', 'be taken part by', 'be engaged by', 'be joined by']","[]","Relation"
"불행사가 포기가 아니다.","포기","is participated by","['be attended by', 'be taken part by', 'be engaged by', 'be joined by']","[]","Relation"
"제99조","완전한 합의","구성한다","['make up', 'constitute', 'form', 'compose', 'create']","[]","Relation"
"완전한 합의를 구성한다.","각 당사자가 제99조에 동의한다.","이전에","['before', 'preceding', 'prior', 'earlier']","[]","Relation"
"각 당사자가 제99조에 동의한다.","완전한 합의를 구성한다.","결과로","['produce', 'bring about', 'cause', 'lead to', 'result in']","[]","Relation"
"완전한 합의를 구성한다.","완전합의","is participated by","['be attended by', 'be taken part by', 'be engaged by', 'be joined by']","[]","Relation"
"한국어본","언어","우선한다","['precedence', 'superiority', 'dominance', 'priority', 'preference']","[]","Relation"
"한국어본이 우선한다.","문서의 언어가 한국어와 다른 언어로 존재한다.","결과로","['produce', 'bring about', 'cause', 'lead to', 'result in']","[]","Relation"
"한국어본이 다른 언어본보다 우선한다.","한국어본","is participated by","['be attended by', 'be taken part by', 'be engaged by', 'be joined by']","[]","Relation"
"한국어본이 다른 언어본보다 우선한다.","다른 언어본","is participated by","['be attended by', 'be taken part by', 'be engaged by', 'be joined by']","[]","Relation"
"부록","계약","계약의 일부이다","['관계', '일원', '소속', '연관', '포함']","[]","Relation"
"부록도 계약 일부이다.","계약이 성립된다.","동시에","['concurrently', 'at the same time', 'in parallel', 'simultaneously']","[]","Relation"
"부록이 계약의 일부가 된다.","부록","is participated by","['be attended by', 'be taken part by', 'be engaged by', 'be joined by']","[]","Relation"
"부록이 계약의 일부가 된다.","계약","is participated by","['be attended by', 'be taken part by', 'be engaged by', 'be joined by']","[]","Relation"
"제102조","각 1부씩 보관","규정한다","['set rules', 'determine', 'specify', 'establish', 'define']","[]","Relation"
"각 1부씩 보관한다.","보관이 이루어진다.","결과로","['produce', 'bring about', 'cause', 'lead to', 'result in']","[]","Relation"
"대리인","대리","선임 가능하다","['eligible for selection', 'qualified for assignment', 'can be nominated', 'appointable', 'can be designated']","[]","Relation"
"대리인이 선임된다.","대리 행위가 가능해진다.","결과로","['produce', 'bring about', 'cause', 'lead to', 'result in']","[]","Relation"
"대리인을 선임할 수 있다.","대리인","is participated by","['be attended by', 'be taken part by', 'be engaged by', 'be joined by']","[]","Relation"
"대리인을 선임할 수 있다.","선임하는 자","is participated by","['be attended by', 'be taken part by', 'be engaged by', 'be joined by']","[]","Relation"
"제104조가 규정된다.","성실히 이행한다.","이후","['following', 'subsequent', 'next', 'after', 'later']","[]","Relation"
"제104조가 규정된다.","성실히 이행한다.","결과로","['produce', 'bring about', 'cause', 'lead to', 'result in']","[]","Relation"
"불가항력이 발생한다.","면책된다.","결과로","['produce', 'bring about', 'cause', 'lead to', 'result in']","[]","Relation"
"불가항력이 발생한다.","불가항력","is participated by","['be attended by', 'be taken part by', 'be engaged by', 'be joined by']","[]","Relation"
"불가항력으로 인해 면책된다.","불가항력","is participated by","['be attended by', 'be taken part by', 'be engaged by', 'be joined by']","[]","Relation"
"제106조","공정하게","해석된다","['be seen as', 'be considered', 'be regarded as', 'be interpreted as', 'be understood as']","[]","Relation"
"제106조가 존재한다.","공정하게 해석한다.","이전에","['before', 'preceding', 'prior', 'earlier']","[]","Relation"
"제106조가 존재한다.","공정하게 해석한다.","때문에","['as a result of', 'due to', 'reason', 'cause', 'owing to']","[]","Relation"
"제106조를 해석한다.","제106조","is participated by","['be attended by', 'be taken part by', 'be engaged by', 'be joined by']","[]","Relation"
"공정하게 해석한다.","제106조","is participated by","['be attended by', 'be taken part by', 'be engaged by', 'be joined by']","[]","Relation"
"기한이 정해진다.","기한을 엄수한다.","이후","['following', 'subsequent', 'next', 'after', 'later']","[]","Relation"
"기한이 정해진다.","기한을 엄수한다.","때문에","['as a result of', 'due to', 'reason', 'cause', 'owing to']","[]","Relation"
"기한을 엄수한다.","기한","is participated by","['be attended by', 'be taken part by', 'be engaged by', 'be joined by']","[]","Relation"
"공동비용","없음","균분된다","['distribute', 'allocate', 'divide', 'share']","[]","Relation"
"공동비용이 발생한다.","공동비용을 균분한다.","결과로","['produce', 'bring about', 'cause', 'lead to', 'result in']","[]","Relation"
"공동비용을 균분한다.","공동비용","is participated by","['be attended by', 'be taken part by', 'be engaged by', 'be joined by']","[]","Relation"
"공동비용을 균분한다.","공동자","is participated by","['be attended by', 'be taken part by', 'be engaged by', 'be joined by']","[]","Relation"
"제109조","합리적 추가보장 제공","규정한다","['set rules', 'determine', 'specify', 'establish', 'define']","[]","Relation"
"합리적 추가보장을 제공한다.","추가보장이 제공된다.","결과로","['produce', 'bring about', 'cause', 'lead to', 'result in']","[]","Relation"
"합리적 추가보장을 제공한다.","추가보장","is participated by","['be attended by', 'be taken part by', 'be engaged by', 'be joined by']","[]","Relation"
"주식회사 뉴파이낸스","주식회사 크사이인베스트","매도한다","['dispose', 'exchange', 'relinquish', 'transfer ownership', 'sell']","[]","Relation"
"주식회사 뉴파이낸스","대표이사","대표이사 보유","['authority', 'control', 'possession', 'holding', 'ownership']","[]","Relation"
"주식회사 크사이인베스트","대표이사","대표이사 보유","['authority', 'control', 'possession', 'holding', 'ownership']","[]","Relation"
"서명","2025년 1월 1일","날짜","['calendar', 'temporal information', 'chronology', 'schedule', 'time']","[]","Relation"
"서명란에 대표이사가 서명한다.","서명이 완료된다.","이후","['following', 'subsequent', 'next', 'after', 'later']","[]","Relation"
"2025년 1월 1일이 된다.","서명이 이루어진다.","이후","['following', 'subsequent', 'next', 'after', 'later']","[]","Relation"
"주식회사 뉴파이낸스의 대표이사가 2025년 1월 1일에 서명한다.","주식회사 뉴파이낸스","is participated by","['be attended by', 'be taken part by', 'be engaged by', 'be joined by']","[]","Relation"
"주식회사 뉴파이낸스의 대표이사가 2025년 1월 1일에 서명한다.","대표이사","is participated by","['be attended by', 'be taken part by', 'be engaged by', 'be joined by']","[]","Relation"
"주식회사 크사이인베스트의 대표이사가 2025년 1월 1일에 서명한다.","주식회사 크사이인베스트","is participated by","['be attended by', 'be taken part by', 'be engaged by', 'be joined by']","[]","Relation"
"주식회사 크사이인베스트의 대표이사가 2025년 1월 1일에 서명한다.","대표이사","is participated by","['be attended by', 'be taken part by', 'be engaged by', 'be joined by']","[]","Relation"
