:START_ID,:END_ID,relation,concepts,synsets,numeric_id,:TYPE
주식매매계약서가 작성된다,주식매매계약서,is participated by,"['be involved with', 'be attended by', 'be joined by', 'be engaged with', 'be taken part in']",[],0,Relation
주식회사 카파벤처스,주식회사 뮤테크놀로지,매도한다,"['relinquish', 'hand over', 'sell', 'transfer ownership', 'dispose']",[],1,Relation
주식회사 람다홀딩스,주식회사 뮤테크놀로지,매수한다,"['purchase', 'acquire', 'take ownership', 'obtain']",[],2,Relation
주식회사 카파벤처스,주식회사 람다홀딩스,계약 체결한다,"['reach settlement', 'establish terms', 'make agreement', 'form contract', 'formalize deal']",[],3,Relation
계약일자,2025년 1월 1일,지정한다,"['appoint', 'select', 'choose', 'designate', 'name', 'assign']",[],4,Relation
2025년 1월 1일에 계약일자가 정해졌다.,계약 당사자인 주식회사 카파벤처스와 주식회사 람다홀딩스가 계약을 체결했다.,이후,"['sequence', 'following', 'progression', 'succession', 'after']",[],5,Relation
주식회사 카파벤처스와 주식회사 람다홀딩스가 계약을 체결했다.,주식회사 뮤테크놀로지가 거래 대상회사가 되었다.,결과로,"['result in', 'cause', 'give rise to', 'produce', 'generate', 'bring about', 'lead to']",[],6,Relation
주식회사 카파벤처스와 주식회사 람다홀딩스가 2025년 1월 1일에 계약을 체결한다.,주식회사 카파벤처스,is participated by,"['be involved with', 'be attended by', 'be joined by', 'be engaged with', 'be taken part in']",[],7,Relation
주식회사 카파벤처스와 주식회사 람다홀딩스가 2025년 1월 1일에 계약을 체결한다.,주식회사 람다홀딩스,is participated by,"['be involved with', 'be attended by', 'be joined by', 'be engaged with', 'be taken part in']",[],8,Relation
주식회사 카파벤처스가 주식회사 뮤테크놀로지의 주식을 매도한다.,주식회사 카파벤처스,is participated by,"['be involved with', 'be attended by', 'be joined by', 'be engaged with', 'be taken part in']",[],9,Relation
주식회사 카파벤처스가 주식회사 뮤테크놀로지의 주식을 매도한다.,주식회사 뮤테크놀로지,is participated by,"['be involved with', 'be attended by', 'be joined by', 'be engaged with', 'be taken part in']",[],10,Relation
주식회사 람다홀딩스가 주식회사 뮤테크놀로지의 주식을 매수한다.,주식회사 람다홀딩스,is participated by,"['be involved with', 'be attended by', 'be joined by', 'be engaged with', 'be taken part in']",[],11,Relation
주식회사 람다홀딩스가 주식회사 뮤테크놀로지의 주식을 매수한다.,주식회사 뮤테크놀로지,is participated by,"['be involved with', 'be attended by', 'be joined by', 'be engaged with', 'be taken part in']",[],12,Relation
제1장 총칙이 시작된다.,제1장 총칙,is participated by,"['be involved with', 'be attended by', 'be joined by', 'be engaged with', 'be taken part in']",[],13,Relation
매도인,"대상회사 발행 보통주식 12,000,000주",보유하다,"['possess', 'have', 'hold', 'own', 'retain']",[],14,Relation
매도인,매매주식,매도하다,"['relinquish', 'divest', 'sell', 'transfer ownership', 'dispose']",[],15,Relation
매수인,매매주식,매수하다,"['obtain', 'buy', 'purchase', 'acquire', 'invest']",[],16,Relation
계약,매도와 매수에 필요한 제반 사항,규정하다,"['establish', 'prescribe', 'stipulate', 'define', 'set rules']",[],17,Relation
"매도인이 보유한 대상회사 발행 보통주식 12,000,000주를 매수인에게 매도한다.",매수인이 매매주식을 매도인으로부터 매수한다.,동시에,"['at the same time', 'simultaneously', 'concurrently', 'in parallel']",[],18,Relation
"매도인이 보유한 대상회사 발행 보통주식 12,000,000주를 매수인에게 매도한다.",매수인이 이를 매수함에 있어 필요한 제반 사항을 규정한다.,결과로,"['result in', 'cause', 'give rise to', 'produce', 'generate', 'bring about', 'lead to']",[],19,Relation
"매도인이 대상회사가 발행한 보통주식 12,000,000주를 매수인에게 매도한다.",매도인,is participated by,"['be involved with', 'be attended by', 'be joined by', 'be engaged with', 'be taken part in']",[],20,Relation
"매도인이 대상회사가 발행한 보통주식 12,000,000주를 매수인에게 매도한다.",대상회사,is participated by,"['be involved with', 'be attended by', 'be joined by', 'be engaged with', 'be taken part in']",[],21,Relation
"매도인이 대상회사가 발행한 보통주식 12,000,000주를 매수인에게 매도한다.","보통주식 12,000,000주",is participated by,"['be involved with', 'be attended by', 'be joined by', 'be engaged with', 'be taken part in']",[],22,Relation
"매도인이 대상회사가 발행한 보통주식 12,000,000주를 매수인에게 매도한다.",매수인,is participated by,"['be involved with', 'be attended by', 'be joined by', 'be engaged with', 'be taken part in']",[],23,Relation
"매수인이 매도인으로부터 대상회사가 발행한 보통주식 12,000,000주를 매수한다.",매수인,is participated by,"['be involved with', 'be attended by', 'be joined by', 'be engaged with', 'be taken part in']",[],24,Relation
"매수인이 매도인으로부터 대상회사가 발행한 보통주식 12,000,000주를 매수한다.",매도인,is participated by,"['be involved with', 'be attended by', 'be joined by', 'be engaged with', 'be taken part in']",[],25,Relation
"매수인이 매도인으로부터 대상회사가 발행한 보통주식 12,000,000주를 매수한다.",대상회사,is participated by,"['be involved with', 'be attended by', 'be joined by', 'be engaged with', 'be taken part in']",[],26,Relation
"매수인이 매도인으로부터 대상회사가 발행한 보통주식 12,000,000주를 매수한다.","보통주식 12,000,000주",is participated by,"['be involved with', 'be attended by', 'be joined by', 'be engaged with', 'be taken part in']",[],27,Relation
계약은 매도와 매수에 필요한 제반 사항을 규정한다.,계약,is participated by,"['be involved with', 'be attended by', 'be joined by', 'be engaged with', 'be taken part in']",[],28,Relation
계약은 매도와 매수에 필요한 제반 사항을 규정한다.,매도,is participated by,"['be involved with', 'be attended by', 'be joined by', 'be engaged with', 'be taken part in']",[],29,Relation
계약은 매도와 매수에 필요한 제반 사항을 규정한다.,매수,is participated by,"['be involved with', 'be attended by', 'be joined by', 'be engaged with', 'be taken part in']",[],30,Relation
거래종결일,제51조에 따라 주식 양도가 완료되는 날,의미한다,"['represent', 'stand for', 'express', 'indicate', 'signify', 'denote']",[],31,Relation
영업일,대한민국의 은행이 정상 영업하는 날,의미한다,"['represent', 'stand for', 'express', 'indicate', 'signify', 'denote']",[],32,Relation
서면,문서,포함한다,"['embrace', 'cover', 'hold', 'contain', 'encompass']",[],33,Relation
서면,이메일,포함한다,"['embrace', 'cover', 'hold', 'contain', 'encompass']",[],34,Relation
서면,기타 서면 형태,포함한다,"['embrace', 'cover', 'hold', 'contain', 'encompass']",[],35,Relation
주식 양도가 완료된다,"""거래종결일""이 된다",이후,"['sequence', 'following', 'progression', 'succession', 'after']",[],36,Relation
대한민국의 은행이 정상 영업한다,"""영업일""에 해당한다",동시에,"['at the same time', 'simultaneously', 'concurrently', 'in parallel']",[],37,Relation
"문서, 이메일, 기타 서면 형태가 있다","""서면""으로 인정된다",결과로,"['result in', 'cause', 'give rise to', 'produce', 'generate', 'bring about', 'lead to']",[],38,Relation
거래종결일은 제51조에 따라 주식 양도가 완료되는 날로 정의된다.,거래종결일,is participated by,"['be involved with', 'be attended by', 'be joined by', 'be engaged with', 'be taken part in']",[],39,Relation
거래종결일은 제51조에 따라 주식 양도가 완료되는 날로 정의된다.,제51조,is participated by,"['be involved with', 'be attended by', 'be joined by', 'be engaged with', 'be taken part in']",[],40,Relation
거래종결일은 제51조에 따라 주식 양도가 완료되는 날로 정의된다.,주식,is participated by,"['be involved with', 'be attended by', 'be joined by', 'be engaged with', 'be taken part in']",[],41,Relation
영업일은 대한민국의 은행이 정상 영업하는 날로 정의된다.,영업일,is participated by,"['be involved with', 'be attended by', 'be joined by', 'be engaged with', 'be taken part in']",[],42,Relation
영업일은 대한민국의 은행이 정상 영업하는 날로 정의된다.,대한민국의 은행,is participated by,"['be involved with', 'be attended by', 'be joined by', 'be engaged with', 'be taken part in']",[],43,Relation
"서면은 문서, 이메일, 기타 서면 형태를 포함하는 것으로 정의된다.",서면,is participated by,"['be involved with', 'be attended by', 'be joined by', 'be engaged with', 'be taken part in']",[],44,Relation
"서면은 문서, 이메일, 기타 서면 형태를 포함하는 것으로 정의된다.",문서,is participated by,"['be involved with', 'be attended by', 'be joined by', 'be engaged with', 'be taken part in']",[],45,Relation
"서면은 문서, 이메일, 기타 서면 형태를 포함하는 것으로 정의된다.",이메일,is participated by,"['be involved with', 'be attended by', 'be joined by', 'be engaged with', 'be taken part in']",[],46,Relation
"서면은 문서, 이메일, 기타 서면 형태를 포함하는 것으로 정의된다.",기타 서면 형태,is participated by,"['be involved with', 'be attended by', 'be joined by', 'be engaged with', 'be taken part in']",[],47,Relation
양 당사자,본 계약,본 계약을 체결한다,"['conclude deal', 'formalize arrangement', 'enter into accord', 'sign contract', 'make agreement']",[],48,Relation
양 당사자,본 계약,본 계약을 이행한다,"['execute agreement', 'perform duty', 'carry out terms', 'fulfill obligation']",[],49,Relation
양 당사자,양 당사자,상호 선의와 신뢰를 바탕으로 협력한다,"['cooperate', 'collaborate', 'build trust', 'mutual goodwill', 'partnership']",[],50,Relation
양 당사자,양 당사자,성실히 협력한다,"['contribute', 'collaborate', 'teamwork', 'actively cooperate', 'work together']",[],51,Relation
양 당사자는 본 계약을 체결한다.,양 당사자는 본 계약의 이행에 있어 상호 선의와 신뢰를 바탕으로 성실히 협력한다.,이후,"['sequence', 'following', 'progression', 'succession', 'after']",[],52,Relation
양 당사자는 상호 선의와 신뢰를 바탕으로 한다.,양 당사자는 성실히 협력한다.,동시에,"['at the same time', 'simultaneously', 'concurrently', 'in parallel']",[],53,Relation
양 당사자는 본 계약의 체결에 있어 상호 선의와 신뢰를 바탕으로 성실히 협력한다.,양 당사자,is participated by,"['be involved with', 'be attended by', 'be joined by', 'be engaged with', 'be taken part in']",[],54,Relation
양 당사자는 본 계약의 체결에 있어 상호 선의와 신뢰를 바탕으로 성실히 협력한다.,본 계약,is participated by,"['be involved with', 'be attended by', 'be joined by', 'be engaged with', 'be taken part in']",[],55,Relation
양 당사자는 본 계약의 이행에 있어 상호 선의와 신뢰를 바탕으로 성실히 협력한다.,양 당사자,is participated by,"['be involved with', 'be attended by', 'be joined by', 'be engaged with', 'be taken part in']",[],56,Relation
양 당사자는 본 계약의 이행에 있어 상호 선의와 신뢰를 바탕으로 성실히 협력한다.,본 계약,is participated by,"['be involved with', 'be attended by', 'be joined by', 'be engaged with', 'be taken part in']",[],57,Relation
본 계약,매매주식의 매매와 관련한 당사자 간의 모든 합의,포함한다,"['embrace', 'cover', 'hold', 'contain', 'encompass']",[],58,Relation
본 계약은 매매주식의 매매와 관련한 당사자 간의 모든 합의를 포함한다.,매매주식의 매매와 관련한 별도의 합의가 존재하지 않는다.,결과로,"['result in', 'cause', 'give rise to', 'produce', 'generate', 'bring about', 'lead to']",[],59,Relation
본 계약이 매매주식의 매매와 관련한 당사자 간의 모든 합의를 포함한다.,본 계약,is participated by,"['be involved with', 'be attended by', 'be joined by', 'be engaged with', 'be taken part in']",[],60,Relation
본 계약이 매매주식의 매매와 관련한 당사자 간의 모든 합의를 포함한다.,매매주식,is participated by,"['be involved with', 'be attended by', 'be joined by', 'be engaged with', 'be taken part in']",[],61,Relation
본 계약이 매매주식의 매매와 관련한 당사자 간의 모든 합의를 포함한다.,당사자,is participated by,"['be involved with', 'be attended by', 'be joined by', 'be engaged with', 'be taken part in']",[],62,Relation
매매주식,"일천이백억원(₩120,000,000,000)",총 매매가격이다,"['sum', 'valuation', 'worth', 'price', 'total amount']",[],63,Relation
주당 매매가격,"일만원(₩10,000)",이다,"['equal', 'identify as', 'serve as', 'function as', 'act as', 'represent']",[],64,Relation
"매매주식의 총 매매가격은 금 일천이백억원(₩120,000,000,000)으로 한다.","주당 매매가격은 금 일만원(₩10,000)으로 한다.",동시에,"['at the same time', 'simultaneously', 'concurrently', 'in parallel']",[],65,Relation
"매매주식의 총 매매가격을 금 일천이백억원(₩120,000,000,000)으로 정한다.",매매주식,is participated by,"['be involved with', 'be attended by', 'be joined by', 'be engaged with', 'be taken part in']",[],66,Relation
"매매주식의 총 매매가격을 금 일천이백억원(₩120,000,000,000)으로 정한다.",총 매매가격,is participated by,"['be involved with', 'be attended by', 'be joined by', 'be engaged with', 'be taken part in']",[],67,Relation
"주당 매매가격을 금 일만원(₩10,000)으로 정한다.",주당 매매가격,is participated by,"['be involved with', 'be attended by', 'be joined by', 'be engaged with', 'be taken part in']",[],68,Relation
모든 거래 과정,투명하고 공정하게,진행된다,"['happen', 'unfold', 'occur', 'take place', 'be carried out']",[],69,Relation
모든 거래 과정은 투명하고 공정하게 진행된다.,거래의 투명성과 공정성이 보장된다.,결과로,"['result in', 'cause', 'give rise to', 'produce', 'generate', 'bring about', 'lead to']",[],70,Relation
모든 거래 과정은 투명하게 진행된다.,거래 과정,is participated by,"['be involved with', 'be attended by', 'be joined by', 'be engaged with', 'be taken part in']",[],71,Relation
모든 거래 과정은 공정하게 진행된다.,거래 과정,is participated by,"['be involved with', 'be attended by', 'be joined by', 'be engaged with', 'be taken part in']",[],72,Relation
각 당사자,상대방,중요한 사항 발생 시 상대방에게 통지해야 한다,"['inform', 'alert', 'communicate', 'notify', 'report']",[],73,Relation
통지 불이행 시,각 당사자,관련 권리를 행사할 수 없다,"['disqualification', 'limitation', 'restriction', 'inability', 'prohibition']",[],74,Relation
통지의 구체적 방법,관련 조항,관련 조항에 따른다,"['observe regulations', 'comply with', 'follow rules', 'adhere to provisions']",[],75,Relation
각 당사자에게 중요한 사항이 발생한다.,상대방에게 적시 통지해야 한다.,이후,"['sequence', 'following', 'progression', 'succession', 'after']",[],76,Relation
통지를 불이행한다.,관련 권리를 행사할 수 없다.,결과로,"['result in', 'cause', 'give rise to', 'produce', 'generate', 'bring about', 'lead to']",[],77,Relation
통지의 구체적 방법이 결정된다.,통지의 구체적 방법은 관련 조항에 따른다.,때문에,"['justification', 'cause', 'explanation', 'reason', 'motivation']",[],78,Relation
각 당사자가 중요한 사항이 발생할 경우 상대방에게 적시에 통지한다.,각 당사자,is participated by,"['be involved with', 'be attended by', 'be joined by', 'be engaged with', 'be taken part in']",[],79,Relation
각 당사자가 중요한 사항이 발생할 경우 상대방에게 적시에 통지한다.,상대방,is participated by,"['be involved with', 'be attended by', 'be joined by', 'be engaged with', 'be taken part in']",[],80,Relation
통지를 이행하지 않을 경우 관련 권리를 행사할 수 없다.,통지의무 불이행 당사자,is participated by,"['be involved with', 'be attended by', 'be joined by', 'be engaged with', 'be taken part in']",[],81,Relation
통지의 구체적인 방법은 관련 조항에 따라 정해진다.,통지의 구체적 방법,is participated by,"['be involved with', 'be attended by', 'be joined by', 'be engaged with', 'be taken part in']",[],82,Relation
통지의 구체적인 방법은 관련 조항에 따라 정해진다.,관련 조항,is participated by,"['be involved with', 'be attended by', 'be joined by', 'be engaged with', 'be taken part in']",[],83,Relation
각 당사자,비밀정보,비밀정보를 보호한다,"['safeguard information', 'secure data', 'maintain confidentiality', 'ensure privacy', 'protect secrets']",[],84,Relation
각 당사자,비밀정보,비밀정보를 취득한다,"['obtain information', 'acquire knowledge', 'gather intelligence', 'gain access', 'learn secrets']",[],85,Relation
보호의무,법령상 요구,예외가 인정된다,"['grant waiver', 'make exception', 'allow exclusion', 'permit exemption']",[],86,Relation
보호의무,상대방 동의,예외가 인정된다,"['grant waiver', 'make exception', 'allow exclusion', 'permit exemption']",[],87,Relation
각 당사자는 본 계약과 관련하여 취득한 비밀정보를 보호한다.,법령상 요구 또는 상대방 동의 시 예외로 한다.,이후,"['sequence', 'following', 'progression', 'succession', 'after']",[],88,Relation
법령상 요구 또는 상대방 동의가 있다.,비밀정보 보호 의무에서 예외로 한다.,결과로,"['result in', 'cause', 'give rise to', 'produce', 'generate', 'bring about', 'lead to']",[],89,Relation
각 당사자가 본 계약과 관련하여 취득한 비밀정보를 보호한다.,각 당사자,is participated by,"['be involved with', 'be attended by', 'be joined by', 'be engaged with', 'be taken part in']",[],90,Relation
각 당사자가 본 계약과 관련하여 취득한 비밀정보를 보호한다.,비밀정보,is participated by,"['be involved with', 'be attended by', 'be joined by', 'be engaged with', 'be taken part in']",[],91,Relation
각 당사자가 본 계약과 관련하여 취득한 비밀정보를 보호한다.,본 계약,is participated by,"['be involved with', 'be attended by', 'be joined by', 'be engaged with', 'be taken part in']",[],92,Relation
법령상 요구 또는 상대방 동의 시 비밀정보 보호의 예외가 인정된다.,법령,is participated by,"['be involved with', 'be attended by', 'be joined by', 'be engaged with', 'be taken part in']",[],93,Relation
법령상 요구 또는 상대방 동의 시 비밀정보 보호의 예외가 인정된다.,상대방,is participated by,"['be involved with', 'be attended by', 'be joined by', 'be engaged with', 'be taken part in']",[],94,Relation
법령상 요구 또는 상대방 동의 시 비밀정보 보호의 예외가 인정된다.,비밀정보,is participated by,"['be involved with', 'be attended by', 'be joined by', 'be engaged with', 'be taken part in']",[],95,Relation
매매대금,거래종결일,지급된다,"['distribute', 'allocate', 'provide', 'grant', 'furnish']",[],96,Relation
매매대금,현금,지급된다,"['distribute', 'allocate', 'provide', 'grant', 'furnish']",[],97,Relation
지급,매도인 지정 계좌,송금한다,"['send funds', 'wire funds', 'remit', 'transfer money', 'make payment']",[],98,Relation
매매대금은 거래종결일에 전액 현금으로 지급한다.,지급은 매도인 지정 계좌로 송금한다.,이후,"['sequence', 'following', 'progression', 'succession', 'after']",[],99,Relation
매매대금은 거래종결일에 전액 현금으로 지급한다.,지급은 매도인 지정 계좌로 송금한다.,결과로,"['result in', 'cause', 'give rise to', 'produce', 'generate', 'bring about', 'lead to']",[],100,Relation
매매대금을 거래종결일에 전액 현금으로 지급한다.,매매대금,is participated by,"['be involved with', 'be attended by', 'be joined by', 'be engaged with', 'be taken part in']",[],101,Relation
매매대금을 거래종결일에 전액 현금으로 지급한다.,거래종결일,is participated by,"['be involved with', 'be attended by', 'be joined by', 'be engaged with', 'be taken part in']",[],102,Relation
매매대금을 매도인 지정 계좌로 송금한다.,매매대금,is participated by,"['be involved with', 'be attended by', 'be joined by', 'be engaged with', 'be taken part in']",[],103,Relation
매매대금을 매도인 지정 계좌로 송금한다.,매도인,is participated by,"['be involved with', 'be attended by', 'be joined by', 'be engaged with', 'be taken part in']",[],104,Relation
매매대금을 매도인 지정 계좌로 송금한다.,지정 계좌,is participated by,"['be involved with', 'be attended by', 'be joined by', 'be engaged with', 'be taken part in']",[],105,Relation
본 계약,대한민국 법률,해석된다,"['be considered', 'be understood as', 'be interpreted as', 'be seen as', 'be regarded as']",[],106,Relation
본 계약은 대한민국 법률에 따라 해석된다.,계약의 해석에 대한민국 법률이 적용된다.,결과로,"['result in', 'cause', 'give rise to', 'produce', 'generate', 'bring about', 'lead to']",[],107,Relation
본 계약은 대한민국 법률에 따라 해석된다.,본 계약,is participated by,"['be involved with', 'be attended by', 'be joined by', 'be engaged with', 'be taken part in']",[],108,Relation
본 계약은 대한민국 법률에 따라 해석된다.,대한민국 법률,is participated by,"['be involved with', 'be attended by', 'be joined by', 'be engaged with', 'be taken part in']",[],109,Relation
제2장 매매조건이 명시된다.,제2장,is participated by,"['be involved with', 'be attended by', 'be joined by', 'be engaged with', 'be taken part in']",[],110,Relation
제2장 매매조건이 명시된다.,매매조건,is participated by,"['be involved with', 'be attended by', 'be joined by', 'be engaged with', 'be taken part in']",[],111,Relation
매도인,매매주식의 완전한 소유권,이전한다,"['transfer', 'relocate', 'move', 'shift', 'change location']",[],112,Relation
매매주식의 완전한 소유권,매수인,이전된다,"['transfer', 'hand over', 'relocate', 'move', 'shift']",[],113,Relation
이전,거래종결일,발생한다,"['happen', 'arise', 'occur', 'take place', 'emerge']",[],114,Relation
매도인은 거래종결일에 매매주식의 완전한 소유권을 매수인에게 이전한다.,거래종결일이 도래한다.,이후,"['sequence', 'following', 'progression', 'succession', 'after']",[],115,Relation
거래종결일이 도래한다.,매도인은 거래종결일에 매매주식의 완전한 소유권을 매수인에게 이전한다.,때문에,"['justification', 'cause', 'explanation', 'reason', 'motivation']",[],116,Relation
매도인은 거래종결일에 매매주식의 완전한 소유권을 매수인에게 이전한다.,매도인,is participated by,"['be involved with', 'be attended by', 'be joined by', 'be engaged with', 'be taken part in']",[],117,Relation
매도인은 거래종결일에 매매주식의 완전한 소유권을 매수인에게 이전한다.,매수인,is participated by,"['be involved with', 'be attended by', 'be joined by', 'be engaged with', 'be taken part in']",[],118,Relation
매도인은 거래종결일에 매매주식의 완전한 소유권을 매수인에게 이전한다.,매매주식,is participated by,"['be involved with', 'be attended by', 'be joined by', 'be engaged with', 'be taken part in']",[],119,Relation
매수인,정밀 실사,수행할 수 있다,"['ability', 'potential', 'competence', 'skill', 'capability']",[],120,Relation
매수인은 거래를 수행한다,매수인은 정밀 실사를 수행할 수 있다,이전,"['transfer', 'move', 'handover', 'relocation', 'shift']",[],121,Relation
매수인은 정밀 실사를 수행할 수 있다,거래가 이루어진다,동시에,"['at the same time', 'simultaneously', 'concurrently', 'in parallel']",[],122,Relation
정밀 실사를 수행한다,거래가 이루어진다,이후,"['sequence', 'following', 'progression', 'succession', 'after']",[],123,Relation
매수인은 정밀 실사를 수행할 수 있다.,매수인,is participated by,"['be involved with', 'be attended by', 'be joined by', 'be engaged with', 'be taken part in']",[],124,Relation
운전자본 등의 변동,별도 합의,조정은 별도 합의에 따른다,"['subject to negotiation', 'conditional arrangement', 'agreement required', 'further discussion', 'mutual consent']",[],125,Relation
운전자본 등의 변동이 발생한다.,대금조정이 이루어진다.,이후,"['sequence', 'following', 'progression', 'succession', 'after']",[],126,Relation
운전자본 등의 변동이 발생한다.,별도 합의에 따라 대금조정이 이루어진다.,때문에,"['justification', 'cause', 'explanation', 'reason', 'motivation']",[],127,Relation
운전자본 등의 변동에 따른 대금조정은 별도 합의에 따른다.,운전자본,is participated by,"['be involved with', 'be attended by', 'be joined by', 'be engaged with', 'be taken part in']",[],128,Relation
운전자본 등의 변동에 따른 대금조정은 별도 합의에 따른다.,별도 합의,is participated by,"['be involved with', 'be attended by', 'be joined by', 'be engaged with', 'be taken part in']",[],129,Relation
매매주식,어떠한 제한도 없는 상태,양도된다,"['transfer', 'hand over', 'pass on', 'assign']",[],130,Relation
매매주식은 어떠한 제한도 없는 상태가 된다.,양도된다.,이후,"['sequence', 'following', 'progression', 'succession', 'after']",[],131,Relation
매매주식은 어떠한 제한도 없는 상태가 된다.,양도된다.,결과로,"['result in', 'cause', 'give rise to', 'produce', 'generate', 'bring about', 'lead to']",[],132,Relation
매매주식이 양도된다.,매매주식,is participated by,"['be involved with', 'be attended by', 'be joined by', 'be engaged with', 'be taken part in']",[],133,Relation
본 거래,단순 주식 양도 방식,진행된다,"['happen', 'unfold', 'occur', 'take place', 'be carried out']",[],134,Relation
본 거래는 단순 주식 양도 방식으로 진행된다.,거래 구조가 결정된다.,결과로,"['result in', 'cause', 'give rise to', 'produce', 'generate', 'bring about', 'lead to']",[],135,Relation
본 거래가 단순 주식 양도 방식으로 진행된다.,본 거래,is participated by,"['be involved with', 'be attended by', 'be joined by', 'be engaged with', 'be taken part in']",[],136,Relation
매도인,3년간,경쟁 사업을 영위하지 않는다,"['limit business', 'exclusivity', 'non-compete', 'avoid competition', 'restrict activity']",[],137,Relation
매도인,거래종결일로부터,경쟁 사업을 영위하지 않는다,"['limit business', 'exclusivity', 'non-compete', 'avoid competition', 'restrict activity']",[],138,Relation
거래종결일이 발생한다.,매도인은 경쟁 사업을 영위하지 않는다.,이후,"['sequence', 'following', 'progression', 'succession', 'after']",[],139,Relation
거래종결일이 발생한다.,매도인은 3년간 경쟁 사업을 영위하지 않는다.,결과로,"['result in', 'cause', 'give rise to', 'produce', 'generate', 'bring about', 'lead to']",[],140,Relation
매도인은 거래종결일로부터 3년간 경쟁 사업을 영위하지 않는다.,매도인,is participated by,"['be involved with', 'be attended by', 'be joined by', 'be engaged with', 'be taken part in']",[],141,Relation
매도인은 거래종결일로부터 3년간 경쟁 사업을 영위하지 않는다.,경쟁 사업,is participated by,"['be involved with', 'be attended by', 'be joined by', 'be engaged with', 'be taken part in']",[],142,Relation
매도인은 거래종결일로부터 3년간 경쟁 사업을 영위하지 않는다.,거래종결일,is participated by,"['be involved with', 'be attended by', 'be joined by', 'be engaged with', 'be taken part in']",[],143,Relation
회사,핵심 임직원의 근무 유지,노력한다,"['애쓰다', '힘쓰다', '시도하다', '추구하다', '도전하다']",[],144,Relation
핵심 임직원의 근무 유지를 위해 노력한다.,핵심 임직원이 계속 근무한다.,결과로,"['result in', 'cause', 'give rise to', 'produce', 'generate', 'bring about', 'lead to']",[],145,Relation
핵심 임직원의 근무 유지를 위해 노력한다.,핵심 임직원,is participated by,"['be involved with', 'be attended by', 'be joined by', 'be engaged with', 'be taken part in']",[],146,Relation
통지 시스템,효율적인 통지 시스템,구축하다,"['establish', 'develop', 'create', 'build', 'set up', 'form']",[],147,Relation
효율적인 통지 시스템,신속한 의사소통,보장하다,"['guarantee', 'ensure', 'secure', 'safeguard', 'protect']",[],148,Relation
효율적인 통지 시스템을 구축한다.,신속한 의사소통을 보장한다.,이후,"['sequence', 'following', 'progression', 'succession', 'after']",[],149,Relation
효율적인 통지 시스템을 구축한다.,신속한 의사소통을 보장한다.,때문에,"['justification', 'cause', 'explanation', 'reason', 'motivation']",[],150,Relation
효율적인 통지 시스템을 구축한다.,통지 시스템,is participated by,"['be involved with', 'be attended by', 'be joined by', 'be engaged with', 'be taken part in']",[],151,Relation
신속한 의사소통을 보장한다.,통지 시스템,is participated by,"['be involved with', 'be attended by', 'be joined by', 'be engaged with', 'be taken part in']",[],152,Relation
적시,3영업일 이내,의미한다,"['represent', 'stand for', 'express', 'indicate', 'signify', 'denote']",[],153,Relation
적시,일반조항,적용된다,"['have effect', 'affect', 'be relevant', 'be valid', 'influence']",[],154,Relation
기간,특별한 사정,연장할 수 있다,"['extend', 'prolong', 'continue', 'lengthen', 'expand duration']",[],155,Relation
"""적시""란 별도 정의가 없는 한 3영업일 이내를 의미한다.","""적시""는 ""일반조항""에만 적용된다.",동시에,"['at the same time', 'simultaneously', 'concurrently', 'in parallel']",[],156,Relation
특별한 사정이 있는 경우 기간을 연장할 수 있다.,"""적시""의 기간이 3영업일을 초과할 수 있다.",결과로,"['result in', 'cause', 'give rise to', 'produce', 'generate', 'bring about', 'lead to']",[],157,Relation
"""적시""가 별도 정의가 없는 한 3영업일 이내를 의미한다고 정의된다.",적시,is participated by,"['be involved with', 'be attended by', 'be joined by', 'be engaged with', 'be taken part in']",[],158,Relation
"""적시""의 정의가 ""일반조항""에만 적용된다.",적시,is participated by,"['be involved with', 'be attended by', 'be joined by', 'be engaged with', 'be taken part in']",[],159,Relation
"""적시""의 정의가 ""일반조항""에만 적용된다.",일반조항,is participated by,"['be involved with', 'be attended by', 'be joined by', 'be engaged with', 'be taken part in']",[],160,Relation
특별한 사정이 있는 경우 기간을 연장할 수 있다.,특별한 사정,is participated by,"['be involved with', 'be attended by', 'be joined by', 'be engaged with', 'be taken part in']",[],161,Relation
특별한 사정이 있는 경우 기간을 연장할 수 있다.,기간,is participated by,"['be involved with', 'be attended by', 'be joined by', 'be engaged with', 'be taken part in']",[],162,Relation
라이선스가 발급된다.,라이선스가 유효하게 유지된다.,이후,"['sequence', 'following', 'progression', 'succession', 'after']",[],163,Relation
모든 라이선스가 유효하게 유지된다.,모든 라이선스,is participated by,"['be involved with', 'be attended by', 'be joined by', 'be engaged with', 'be taken part in']",[],164,Relation
보험,적절한 보험,유지되고 있다,"['endure', 'remain', 'last', 'continue', 'persist']",[],165,Relation
보험 계약이 체결되었다.,적절한 보험이 유지되고 있다.,이후,"['sequence', 'following', 'progression', 'succession', 'after']",[],166,Relation
적절한 보험이 유지되고 있다.,적절한 보험,is participated by,"['be involved with', 'be attended by', 'be joined by', 'be engaged with', 'be taken part in']",[],167,Relation
부동산 관련 계약,부동산,정상적이다,"['usual', 'typical', 'standard', 'regular', 'ordinary']",[],168,Relation
부동산 관련 계약이 체결된다.,부동산 관련 계약은 정상적이다.,결과로,"['result in', 'cause', 'give rise to', 'produce', 'generate', 'bring about', 'lead to']",[],169,Relation
부동산 관련 계약은 정상적이다.,부동산 관련 계약,is participated by,"['be involved with', 'be attended by', 'be joined by', 'be engaged with', 'be taken part in']",[],170,Relation
제23조,지적재산권 보유,규정한다,"['establish', 'prescribe', 'determine', 'define', 'set rules']",[],171,Relation
필요한 지적재산권을 보유하고 있다.,지적재산권을 활용할 수 있다.,결과로,"['result in', 'cause', 'give rise to', 'produce', 'generate', 'bring about', 'lead to']",[],172,Relation
필요한 지적재산권을 보유하고 있다.,지적재산권의 보유 주체,is participated by,"['be involved with', 'be attended by', 'be joined by', 'be engaged with', 'be taken part in']",[],173,Relation
계약 당사자,권리의무,양도할 수 없다,"['inalienable', 'unassignable', 'nontransferable', 'indivisible']",[],174,Relation
계약 당사자,상대방 동의,필요하다,"['call for', 'depend on', 'necessitate', 'require', 'demand']",[],175,Relation
상대방 동의 없이 권리의무를 양도한다,권리의무를 양도할 수 없다,이전,"['transfer', 'move', 'handover', 'relocation', 'shift']",[],176,Relation
상대방 동의가 없다,권리의무를 양도할 수 없다,때문에,"['justification', 'cause', 'explanation', 'reason', 'motivation']",[],177,Relation
계약 당사자는 상대방의 동의 없이 권리와 의무를 양도할 수 없다.,계약 당사자,is participated by,"['be involved with', 'be attended by', 'be joined by', 'be engaged with', 'be taken part in']",[],178,Relation
계약 당사자는 상대방의 동의 없이 권리와 의무를 양도할 수 없다.,상대방,is participated by,"['be involved with', 'be attended by', 'be joined by', 'be engaged with', 'be taken part in']",[],179,Relation
환경 법규,환경,준수한다,"['obey', 'observe', 'comply', 'follow rules', 'adhere']",[],180,Relation
환경 법규가 제정된다.,환경 법규를 준수한다.,이후,"['sequence', 'following', 'progression', 'succession', 'after']",[],181,Relation
환경 법규를 준수한다.,환경 오염이 감소한다.,결과로,"['result in', 'cause', 'give rise to', 'produce', 'generate', 'bring about', 'lead to']",[],182,Relation
환경 법규를 준수한다.,환경 법규,is participated by,"['be involved with', 'be attended by', 'be joined by', 'be engaged with', 'be taken part in']",[],183,Relation
제26조,데이터,규정한다,"['establish', 'prescribe', 'determine', 'define', 'set rules']",[],184,Relation
제26조,개인정보보호법 준수,요구한다,"['call for', 'need', 'request', 'require', 'ask for', 'demand']",[],185,Relation
데이터,개인정보보호법,적용받는다,"['affected by', 'governed by', 'impact', 'subject to', 'influence']",[],186,Relation
데이터를 다룬다.,개인정보보호법을 철저히 준수한다.,이전에,"['earlier than', 'antecedent to', 'prior to', 'preceding', 'before']",[],187,Relation
개인정보보호법을 철저히 준수한다.,데이터가 안전하게 보호된다.,결과로,"['result in', 'cause', 'give rise to', 'produce', 'generate', 'bring about', 'lead to']",[],188,Relation
개인정보보호법을 철저히 준수한다.,개인정보보호법,is participated by,"['be involved with', 'be attended by', 'be joined by', 'be engaged with', 'be taken part in']",[],189,Relation
운영,거래종결 전,통상의 영업과정에 따라 이루어진다,"['typical practice', 'regular process', 'normal course', 'routine operation', 'standard procedure']",[],190,Relation
거래종결이 이루어지기 전이다.,통상의 영업과정에 따라 운영한다.,이전에,"['earlier than', 'antecedent to', 'prior to', 'preceding', 'before']",[],191,Relation
요청 정보,신속히,제공된다,"['제공', '배포', '지원', '전달', '공급']",[],192,Relation
정보 제공 요청이 접수된다.,요청 정보를 신속히 제공한다.,이후,"['sequence', 'following', 'progression', 'succession', 'after']",[],193,Relation
정보 제공 요청이 접수된다.,요청 정보를 신속히 제공한다.,때문에,"['justification', 'cause', 'explanation', 'reason', 'motivation']",[],194,Relation
요청 정보를 신속히 제공한다.,요청 정보,is participated by,"['be involved with', 'be attended by', 'be joined by', 'be engaged with', 'be taken part in']",[],195,Relation
요청 정보를 신속히 제공한다.,제공자,is participated by,"['be involved with', 'be attended by', 'be joined by', 'be engaged with', 'be taken part in']",[],196,Relation
진술보증 위반에 대한 책임,거래종결일로부터 2년간,유효하다,"['be applicable', 'hold true', 'be effective', 'be valid', 'apply']",[],197,Relation
진술보증 위반에 대한 책임이 발생한다,거래종결일이 도래한다,이후,"['sequence', 'following', 'progression', 'succession', 'after']",[],198,Relation
거래종결일이 도래한다,진술보증 위반에 대한 책임이 발생한다,이전,"['transfer', 'move', 'handover', 'relocation', 'shift']",[],199,Relation
거래종결일이 도래한다,진술보증 위반에 대한 책임이 2년간 유효하다,결과로,"['result in', 'cause', 'give rise to', 'produce', 'generate', 'bring about', 'lead to']",[],200,Relation
진술보증 위반에 대한 책임이 2년간 유효하다,거래종결일이 도래한다,때문에,"['justification', 'cause', 'explanation', 'reason', 'motivation']",[],201,Relation
진술보증 위반에 대한 책임이 거래종결일로부터 2년간 유효하다.,진술보증,is participated by,"['be involved with', 'be attended by', 'be joined by', 'be engaged with', 'be taken part in']",[],202,Relation
진술보증 위반에 대한 책임이 거래종결일로부터 2년간 유효하다.,책임,is participated by,"['be involved with', 'be attended by', 'be joined by', 'be engaged with', 'be taken part in']",[],203,Relation
진술보증 위반에 대한 책임이 거래종결일로부터 2년간 유효하다.,거래종결일,is participated by,"['be involved with', 'be attended by', 'be joined by', 'be engaged with', 'be taken part in']",[],204,Relation
각자,비용,비용을 부담한다,"['감당', '책임', '부담', '지불']",[],205,Relation
각자 비용을 부담한다.,거래 비용이 발생한다.,결과로,"['result in', 'cause', 'give rise to', 'produce', 'generate', 'bring about', 'lead to']",[],206,Relation
각 당사자는 거래 비용을 부담한다.,각 당사자,is participated by,"['be involved with', 'be attended by', 'be joined by', 'be engaged with', 'be taken part in']",[],207,Relation
각 당사자는 거래 비용을 부담한다.,거래 비용,is participated by,"['be involved with', 'be attended by', 'be joined by', 'be engaged with', 'be taken part in']",[],208,Relation
제3장,진술 및 보증,포함하다,"['embrace', 'comprise', 'contain', 'encompass', 'consist of', 'involve']",[],209,Relation
제3장 진술 및 보증이 시작된다.,제3장 진술 및 보증의 세부 조항이 기술된다.,이후,"['sequence', 'following', 'progression', 'succession', 'after']",[],210,Relation
제3장 진술 및 보증이 규정된다.,계약 당사자들은 각자의 진술 및 보증에 동의한다.,결과로,"['result in', 'cause', 'give rise to', 'produce', 'generate', 'bring about', 'lead to']",[],211,Relation
매도인,다음 사항,진술하고 보증한다,"['guarantee', 'declare', 'commit', 'affirm', 'assure']",[],212,Relation
매도인은 다음 사항을 진술한다.,매도인은 다음 사항을 보증한다.,동시에,"['at the same time', 'simultaneously', 'concurrently', 'in parallel']",[],213,Relation
매도인은 다음 사항을 진술하고 보증한다.,매도인,is participated by,"['be involved with', 'be attended by', 'be joined by', 'be engaged with', 'be taken part in']",[],214,Relation
매매주식,소유자,완전하게 소유된다,"['possess', 'hold', 'have ownership', 'control', 'dominate']",[],215,Relation
매매주식의 완전한 소유자이다.,주식을 소유하게 된다.,결과로,"['result in', 'cause', 'give rise to', 'produce', 'generate', 'bring about', 'lead to']",[],216,Relation
매매주식의 완전한 소유자가 존재한다.,매매주식,is participated by,"['be involved with', 'be attended by', 'be joined by', 'be engaged with', 'be taken part in']",[],217,Relation
매매주식의 완전한 소유자가 존재한다.,완전한 소유자,is participated by,"['be involved with', 'be attended by', 'be joined by', 'be engaged with', 'be taken part in']",[],218,Relation
재무제표는 작성된다.,재무제표는 정확하다.,이후,"['sequence', 'following', 'progression', 'succession', 'after']",[],219,Relation
재무제표가 정확하다.,재무제표,is participated by,"['be involved with', 'be attended by', 'be joined by', 'be engaged with', 'be taken part in']",[],220,Relation
회사,중요 부채,공개된 것 외 중요 부채가 없다,"['financial transparency', 'fiscal responsibility', 'creditworthiness', 'liability disclosure']",[],221,Relation
중요 부채가 공개되었다.,공개된 것 외 중요 부채가 없다.,이후,"['sequence', 'following', 'progression', 'succession', 'after']",[],222,Relation
공개된 것 외 중요 부채가 없다.,회사의 재무상태가 투명하다.,결과로,"['result in', 'cause', 'give rise to', 'produce', 'generate', 'bring about', 'lead to']",[],223,Relation
공개된 것 외 중요 부채가 없다.,중요 부채,is participated by,"['be involved with', 'be attended by', 'be joined by', 'be engaged with', 'be taken part in']",[],224,Relation
중요한 소송이 없다.,현재 시점이다.,동시에,"['at the same time', 'simultaneously', 'concurrently', 'in parallel']",[],225,Relation
계약,성실히,이행된다,"['실현', '완료', '달성', '완성', '실행']",[],226,Relation
계약이 체결되었다.,모든 계약을 성실히 이행 중이다.,이후,"['sequence', 'following', 'progression', 'succession', 'after']",[],227,Relation
모든 계약을 성실히 이행 중이다.,계약 이행의무가 존재한다.,동시에,"['at the same time', 'simultaneously', 'concurrently', 'in parallel']",[],228,Relation
모든 계약을 성실히 이행하고 있다.,모든 계약,is participated by,"['be involved with', 'be attended by', 'be joined by', 'be engaged with', 'be taken part in']",[],229,Relation
제37조,법규 준수,규정한다,"['establish', 'prescribe', 'determine', 'define', 'set rules']",[],230,Relation
관련 법규를 준수한다.,법규 위반에 따른 불이익을 피할 수 있다.,이후,"['sequence', 'following', 'progression', 'succession', 'after']",[],231,Relation
관련 법규를 준수한다.,조직의 신뢰도가 높아진다.,결과로,"['result in', 'cause', 'give rise to', 'produce', 'generate', 'bring about', 'lead to']",[],232,Relation
제37조를 준수한다.,제37조,is participated by,"['be involved with', 'be attended by', 'be joined by', 'be engaged with', 'be taken part in']",[],233,Relation
관련 법규를 준수한다.,관련 법규,is participated by,"['be involved with', 'be attended by', 'be joined by', 'be engaged with', 'be taken part in']",[],234,Relation
계약의 조항,일반조항,구분된다,"['classification', 'distinction', 'separation', 'categorization', 'differentiation']",[],235,Relation
계약의 조항,특별조항,구분된다,"['classification', 'distinction', 'separation', 'categorization', 'differentiation']",[],236,Relation
제19조의 적시 정의,일반조항,적용된다,"['have effect', 'affect', 'be relevant', 'be valid', 'influence']",[],237,Relation
특별조항의 범위,별도,정한다,"['establish', 'set', 'decide', 'designate', 'determine']",[],238,Relation
본 계약의 조항은 '일반조항'과 '특별조항'으로 구분된다.,제19조의 적시 정의는 일반조항에만 적용된다.,이전,"['transfer', 'move', 'handover', 'relocation', 'shift']",[],239,Relation
본 계약의 조항은 '일반조항'과 '특별조항'으로 구분된다.,특별조항의 범위는 별도로 정한다.,이전,"['transfer', 'move', 'handover', 'relocation', 'shift']",[],240,Relation
제19조의 적시 정의는 일반조항에만 적용된다.,특별조항의 범위는 별도로 정한다.,동시에,"['at the same time', 'simultaneously', 'concurrently', 'in parallel']",[],241,Relation
본 계약의 조항이 일반조항과 특별조항으로 구분된다.,본 계약,is participated by,"['be involved with', 'be attended by', 'be joined by', 'be engaged with', 'be taken part in']",[],242,Relation
본 계약의 조항이 일반조항과 특별조항으로 구분된다.,일반조항,is participated by,"['be involved with', 'be attended by', 'be joined by', 'be engaged with', 'be taken part in']",[],243,Relation
본 계약의 조항이 일반조항과 특별조항으로 구분된다.,특별조항,is participated by,"['be involved with', 'be attended by', 'be joined by', 'be engaged with', 'be taken part in']",[],244,Relation
제19조의 적시 정의가 일반조항에만 적용된다.,제19조의 적시 정의,is participated by,"['be involved with', 'be attended by', 'be joined by', 'be engaged with', 'be taken part in']",[],245,Relation
제19조의 적시 정의가 일반조항에만 적용된다.,일반조항,is participated by,"['be involved with', 'be attended by', 'be joined by', 'be engaged with', 'be taken part in']",[],246,Relation
특별조항의 범위가 별도로 정해진다.,특별조항,is participated by,"['be involved with', 'be attended by', 'be joined by', 'be engaged with', 'be taken part in']",[],247,Relation
특별조항의 범위가 별도로 정해진다.,특별조항의 범위,is participated by,"['be involved with', 'be attended by', 'be joined by', 'be engaged with', 'be taken part in']",[],248,Relation
세금,납부,적시에 납부되었다,"['promptness', 'on time', 'punctuality', 'timely payment', 'compliance']",[],249,Relation
세금을 적시 납부했다.,세금 체납에 대한 불이익을 받지 않았다.,이후,"['sequence', 'following', 'progression', 'succession', 'after']",[],250,Relation
세금을 적시 납부했다.,법적 의무를 준수했다.,때문에,"['justification', 'cause', 'explanation', 'reason', 'motivation']",[],251,Relation
세금을 납부했다.,세금,is participated by,"['be involved with', 'be attended by', 'be joined by', 'be engaged with', 'be taken part in']",[],252,Relation
노동,노동법규,노동법규를 준수한다,"['comply', 'adhere to regulations', 'follow rules', 'obey standards']",[],253,Relation
노동법규를 준수한다.,노동과 관련된 법적 의무를 이행한다.,결과로,"['result in', 'cause', 'give rise to', 'produce', 'generate', 'bring about', 'lead to']",[],254,Relation
노동법규를 준수한다.,제40조,is participated by,"['be involved with', 'be attended by', 'be joined by', 'be engaged with', 'be taken part in']",[],255,Relation
자산,양호한 상태,상태이다,"['exist', 'possess state', 'have condition', 'be present', 'maintain status']",[],256,Relation
자산은 양호한 상태이다.,해당 자산의 관리 및 유지가 적절하게 이루어졌다.,결과로,"['result in', 'cause', 'give rise to', 'produce', 'generate', 'bring about', 'lead to']",[],257,Relation
자산은 양호한 상태이다.,자산,is participated by,"['be involved with', 'be attended by', 'be joined by', 'be engaged with', 'be taken part in']",[],258,Relation
중요 계약,공개된 중요 계약,공개된 것 외에는 없다,"['disclosure only', 'limitation', 'transparency', 'openness']",[],259,Relation
공개된 것 외 중요 계약이 없다.,중요 계약이 공개된 것만 존재한다.,결과로,"['result in', 'cause', 'give rise to', 'produce', 'generate', 'bring about', 'lead to']",[],260,Relation
공개된 것 외 중요 계약이 없다.,중요 계약,is participated by,"['be involved with', 'be attended by', 'be joined by', 'be engaged with', 'be taken part in']",[],261,Relation
매수인,완전한 권한,보유한다,"['possess', 'have', 'own', 'hold', 'retain']",[],262,Relation
매수인은 완전한 권한을 보유한다.,매수인이 진술을 한다.,동시에,"['at the same time', 'simultaneously', 'concurrently', 'in parallel']",[],263,Relation
매수인이 완전한 권한을 보유한다.,매수인,is participated by,"['be involved with', 'be attended by', 'be joined by', 'be engaged with', 'be taken part in']",[],264,Relation
매매대금,자금,확보되었다,"['acquired', 'guaranteed', 'secured', 'ensured', 'obtained']",[],265,Relation
매매대금을 확보했다.,자금이 마련되었다.,결과로,"['result in', 'cause', 'give rise to', 'produce', 'generate', 'bring about', 'lead to']",[],266,Relation
매매대금을 확보했다.,매매대금,is participated by,"['be involved with', 'be attended by', 'be joined by', 'be engaged with', 'be taken part in']",[],267,Relation
진술보증,매수인이 인지한 사항,제한된다,"['bounded', 'limited', 'restricted', 'confined', 'constrained']",[],268,Relation
매수인이 어떤 사항을 인지한다.,그 사항은 진술보증에서 제외된다.,이후,"['sequence', 'following', 'progression', 'succession', 'after']",[],269,Relation
매수인이 어떤 사항을 인지한다.,그 사항은 진술보증에서 제외된다.,때문에,"['justification', 'cause', 'explanation', 'reason', 'motivation']",[],270,Relation
매수인이 진술보증에서 인지한 사항이 제외된다.,매수인,is participated by,"['be involved with', 'be attended by', 'be joined by', 'be engaged with', 'be taken part in']",[],271,Relation
제공 정보,공개 정보,공개된다,"['announcement', 'exposure', 'reveal', 'make public', 'disclosure']",[],272,Relation
제공 정보는 정확하다.,공개 정보가 된다.,결과로,"['result in', 'cause', 'give rise to', 'produce', 'generate', 'bring about', 'lead to']",[],273,Relation
제46조가 공개 정보를 규정한다.,제46조,is participated by,"['be involved with', 'be attended by', 'be joined by', 'be engaged with', 'be taken part in']",[],274,Relation
제46조가 공개 정보를 규정한다.,공개 정보,is participated by,"['be involved with', 'be attended by', 'be joined by', 'be engaged with', 'be taken part in']",[],275,Relation
제46조가 제공 정보의 정확성을 명시한다.,제46조,is participated by,"['be involved with', 'be attended by', 'be joined by', 'be engaged with', 'be taken part in']",[],276,Relation
제46조가 제공 정보의 정확성을 명시한다.,제공 정보,is participated by,"['be involved with', 'be attended by', 'be joined by', 'be engaged with', 'be taken part in']",[],277,Relation
변경 사항,즉시 통지,발생하면,"['happen', 'arise', 'occur', 'take place', 'trigger']",[],278,Relation
변경 사항이 발생한다.,즉시 통지한다.,이후,"['sequence', 'following', 'progression', 'succession', 'after']",[],279,Relation
변경 사항이 발생한다.,즉시 통지한다.,때문에,"['justification', 'cause', 'explanation', 'reason', 'motivation']",[],280,Relation
변경 사항이 발생한다.,변경 사항,is participated by,"['be involved with', 'be attended by', 'be joined by', 'be engaged with', 'be taken part in']",[],281,Relation
변경 사항을 즉시 통지한다.,변경 사항,is participated by,"['be involved with', 'be attended by', 'be joined by', 'be engaged with', 'be taken part in']",[],282,Relation
변경 사항을 즉시 통지한다.,통지 대상자,is participated by,"['be involved with', 'be attended by', 'be joined by', 'be engaged with', 'be taken part in']",[],283,Relation
진술보증,손해 배상,위반될 경우,"['contravene', 'break', 'breach', 'transgress', 'violate']",[],284,Relation
진술보증을 위반한다.,손해를 배상한다.,이후,"['sequence', 'following', 'progression', 'succession', 'after']",[],285,Relation
진술보증을 위반한다.,손해를 배상한다.,결과로,"['result in', 'cause', 'give rise to', 'produce', 'generate', 'bring about', 'lead to']",[],286,Relation
진술보증이 위반된다.,진술보증,is participated by,"['be involved with', 'be attended by', 'be joined by', 'be engaged with', 'be taken part in']",[],287,Relation
진술보증 위반 시 손해를 배상한다.,진술보증 위반자,is participated by,"['be involved with', 'be attended by', 'be joined by', 'be engaged with', 'be taken part in']",[],288,Relation
진술보증 위반 시 손해를 배상한다.,손해 배상 청구자,is participated by,"['be involved with', 'be attended by', 'be joined by', 'be engaged with', 'be taken part in']",[],289,Relation
모든 정보,최선을 다해,준비되었다,"['readiness', 'available', 'be set', 'be equipped', 'be arranged']",[],290,Relation
모든 정보는 최선을 다해 준비되었다.,정보의 정확성이 보장된다.,결과로,"['result in', 'cause', 'give rise to', 'produce', 'generate', 'bring about', 'lead to']",[],291,Relation
모든 정보가 최선을 다해 준비되었다.,모든 정보,is participated by,"['be involved with', 'be attended by', 'be joined by', 'be engaged with', 'be taken part in']",[],292,Relation
예측,합리적 가정,기초한다,"['be grounded in', 'rely on', 'be founded on', 'depend on', 'base on']",[],293,Relation
합리적 가정에 기초한다.,예측한다.,이전에,"['earlier than', 'antecedent to', 'prior to', 'preceding', 'before']",[],294,Relation
합리적 가정에 기초한다.,예측한다.,때문에,"['justification', 'cause', 'explanation', 'reason', 'motivation']",[],295,Relation
예측은 합리적 가정에 기초한다.,예측,is participated by,"['be involved with', 'be attended by', 'be joined by', 'be engaged with', 'be taken part in']",[],296,Relation
예측은 합리적 가정에 기초한다.,합리적 가정,is participated by,"['be involved with', 'be attended by', 'be joined by', 'be engaged with', 'be taken part in']",[],297,Relation
거래종결,계약일로부터 30일 내,이루어진다,"['생성된다', '만들어진다', '형성된다', '구성된다', '조직된다']",[],298,Relation
계약이 체결된다.,거래종결이 이루어진다.,이후,"['sequence', 'following', 'progression', 'succession', 'after']",[],299,Relation
계약이 체결된다.,30일 이내에 거래종결이 이루어진다.,때문에,"['justification', 'cause', 'explanation', 'reason', 'motivation']",[],300,Relation
거래종결이 계약일로부터 30일 내에 이루어진다.,거래종결,is participated by,"['be involved with', 'be attended by', 'be joined by', 'be engaged with', 'be taken part in']",[],301,Relation
거래종결이 계약일로부터 30일 내에 이루어진다.,계약일,is participated by,"['be involved with', 'be attended by', 'be joined by', 'be engaged with', 'be taken part in']",[],302,Relation
매수인,진술보증의 정확성,전제조건이 적용된다,"['dependency imposed', 'prerequisite enforced', 'requirement applies', 'necessity established', 'condition required']",[],303,Relation
매수인의 진술보증이 정확하다.,계약의 효력이 발생한다.,전제조건,"['precondition', 'requirement', 'necessity', 'condition', 'prerequisite']",[],304,Relation
매수인의 진술보증이 정확해야 한다.,매수인,is participated by,"['be involved with', 'be attended by', 'be joined by', 'be engaged with', 'be taken part in']",[],305,Relation
매수인의 진술보증이 정확해야 한다.,진술보증,is participated by,"['be involved with', 'be attended by', 'be joined by', 'be engaged with', 'be taken part in']",[],306,Relation
매도인,대금,대금을 준비해야 한다,"['prepare funds', 'financial readiness', 'arrange payment', 'secure money', 'make payment']",[],307,Relation
대금이 준비되어야 한다.,매도인은 전제조건을 충족한다.,이전,"['transfer', 'move', 'handover', 'relocation', 'shift']",[],308,Relation
매수인이 대금을 준비한다.,매수인,is participated by,"['be involved with', 'be attended by', 'be joined by', 'be engaged with', 'be taken part in']",[],309,Relation
매수인이 대금을 준비한다.,대금,is participated by,"['be involved with', 'be attended by', 'be joined by', 'be engaged with', 'be taken part in']",[],310,Relation
종결,서울,장소는,"['area', 'place', 'site', 'location', 'setting']",[],311,Relation
종결 장소를 지정한다.,서울에서 종결한다.,이후,"['sequence', 'following', 'progression', 'succession', 'after']",[],312,Relation
종결을 서울에서 한다.,서울,is participated by,"['be involved with', 'be attended by', 'be joined by', 'be engaged with', 'be taken part in']",[],313,Relation
필요 서류를 준비한다.,필요 서류를 인도한다.,이전,"['transfer', 'move', 'handover', 'relocation', 'shift']",[],314,Relation
필요 서류를 인도한다.,필요 서류,is participated by,"['be involved with', 'be attended by', 'be joined by', 'be engaged with', 'be taken part in']",[],315,Relation
필요 서류를 인도한다.,인도하는 자,is participated by,"['be involved with', 'be attended by', 'be joined by', 'be engaged with', 'be taken part in']",[],316,Relation
필요 서류를 인도한다.,인도받는 자,is participated by,"['be involved with', 'be attended by', 'be joined by', 'be engaged with', 'be taken part in']",[],317,Relation
진술보증 관련 사항,특별조항,분류된다,"['classified', 'grouped', 'organized', 'sorted', 'categorized']",[],318,Relation
하자담보 관련 사항,특별조항,해당한다,"['belong to', 'be classified as', 'relate to', 'correspond to', 'apply to']",[],319,Relation
특별조항,별도의 통지 규정,따른다,"['obey', 'comply with', 'follow', 'adhere to', 'conform to']",[],320,Relation
진술보증 관련 사항(제31조-제50조)은 '특별조항'으로 분류된다.,"하자담보 관련 사항(제29조, 제73조)도 특별조항이다.",동시에,"['at the same time', 'simultaneously', 'concurrently', 'in parallel']",[],321,Relation
특별조항은 별도의 통지 규정을 따른다.,진술보증 및 하자담보 관련 사항이 특별조항으로 분류된다.,결과로,"['result in', 'cause', 'give rise to', 'produce', 'generate', 'bring about', 'lead to']",[],322,Relation
진술보증 관련 사항이 특별조항으로 분류된다.,진술보증 관련 사항,is participated by,"['be involved with', 'be attended by', 'be joined by', 'be engaged with', 'be taken part in']",[],323,Relation
진술보증 관련 사항이 특별조항으로 분류된다.,특별조항,is participated by,"['be involved with', 'be attended by', 'be joined by', 'be engaged with', 'be taken part in']",[],324,Relation
하자담보 관련 사항도 특별조항이다.,하자담보 관련 사항,is participated by,"['be involved with', 'be attended by', 'be joined by', 'be engaged with', 'be taken part in']",[],325,Relation
하자담보 관련 사항도 특별조항이다.,특별조항,is participated by,"['be involved with', 'be attended by', 'be joined by', 'be engaged with', 'be taken part in']",[],326,Relation
특별조항이 별도의 통지 규정을 따른다.,특별조항,is participated by,"['be involved with', 'be attended by', 'be joined by', 'be engaged with', 'be taken part in']",[],327,Relation
특별조항이 별도의 통지 규정을 따른다.,별도의 통지 규정,is participated by,"['be involved with', 'be attended by', 'be joined by', 'be engaged with', 'be taken part in']",[],328,Relation
매수인,이사,지명하다,"['appoint', 'select', 'designate', 'nominate', 'assign']",[],329,Relation
매수인 지명 이사를 선임한다.,임원이 변경된다.,이후,"['sequence', 'following', 'progression', 'succession', 'after']",[],330,Relation
매수인 지명 이사를 선임한다.,매수인,is participated by,"['be involved with', 'be attended by', 'be joined by', 'be engaged with', 'be taken part in']",[],331,Relation
매수인 지명 이사를 선임한다.,지명 이사,is participated by,"['be involved with', 'be attended by', 'be joined by', 'be engaged with', 'be taken part in']",[],332,Relation
모든 권리가 완전히 이전된다.,권리의 소유자가 변경된다.,이후,"['sequence', 'following', 'progression', 'succession', 'after']",[],333,Relation
모든 권리가 완전히 이전된다.,기존 권리자는 권리를 상실한다.,결과로,"['result in', 'cause', 'give rise to', 'produce', 'generate', 'bring about', 'lead to']",[],334,Relation
모든 권리가 완전히 이전된다.,모든 권리,is participated by,"['be involved with', 'be attended by', 'be joined by', 'be engaged with', 'be taken part in']",[],335,Relation
종결 확인서,종결 확인,작성된다,"['created', 'composed', 'written', 'generated', 'produced']",[],336,Relation
종결이 확정된다.,종결 확인서를 작성한다.,이후,"['sequence', 'following', 'progression', 'succession', 'after']",[],337,Relation
종결 확인서를 작성한다.,종결 확인서,is participated by,"['be involved with', 'be attended by', 'be joined by', 'be engaged with', 'be taken part in']",[],338,Relation
매수인,주주명부,기재된다,"['documented', 'written down', 'listed', 'recorded', 'entered']",[],339,Relation
매수인을 주주명부에 기재한다.,매수인이 주주로 인정된다.,이후,"['sequence', 'following', 'progression', 'succession', 'after']",[],340,Relation
매수인을 주주명부에 기재한다.,매수인이 주주로 간주된다.,결과로,"['result in', 'cause', 'give rise to', 'produce', 'generate', 'bring about', 'lead to']",[],341,Relation
매수인을 주주명부에 기재한다.,매수인,is participated by,"['be involved with', 'be attended by', 'be joined by', 'be engaged with', 'be taken part in']",[],342,Relation
매수인을 주주명부에 기재한다.,주주명부,is participated by,"['be involved with', 'be attended by', 'be joined by', 'be engaged with', 'be taken part in']",[],343,Relation
경영권이 이전된다.,새로운 경영자가 기업을 운영한다.,이후,"['sequence', 'following', 'progression', 'succession', 'after']",[],344,Relation
경영권이 이전된다.,경영권,is participated by,"['be involved with', 'be attended by', 'be joined by', 'be engaged with', 'be taken part in']",[],345,Relation
경영권이 이전된다.,이전받는 자,is participated by,"['be involved with', 'be attended by', 'be joined by', 'be engaged with', 'be taken part in']",[],346,Relation
경영권이 이전된다.,이전하는 자,is participated by,"['be involved with', 'be attended by', 'be joined by', 'be engaged with', 'be taken part in']",[],347,Relation
불이행,손해배상,발생할 경우,"['upon happening', 'when arises', 'in the event of', 'if occurs']",[],348,Relation
불이행이 발생한다.,손해배상을 한다.,결과로,"['result in', 'cause', 'give rise to', 'produce', 'generate', 'bring about', 'lead to']",[],349,Relation
전제조건,없음,포기할 수 있다,"['relinquish', 'give up', 'surrender', 'let go', 'abandon']",[],350,Relation
전제조건을 포기할 수 있다.,조건 포기가 발생한다.,이후,"['sequence', 'following', 'progression', 'succession', 'after']",[],351,Relation
조건 포기가 발생한다.,전제조건이 더 이상 요구되지 않는다.,때문에,"['justification', 'cause', 'explanation', 'reason', 'motivation']",[],352,Relation
전제조건을 포기할 수 있다.,전제조건,is participated by,"['be involved with', 'be attended by', 'be joined by', 'be engaged with', 'be taken part in']",[],353,Relation
행정,협력,사항에 협력한다,"['support', 'cooperate', 'collaborate', 'work together', 'assist']",[],354,Relation
행정 사항에 협력한다.,행정 업무가 진행된다.,동시에,"['at the same time', 'simultaneously', 'concurrently', 'in parallel']",[],355,Relation
계좌,수신자,정보를 통지한다,"['통보한다', '보고한다', '공지한다', '전달한다', '알린다']",[],356,Relation
계좌 정보를 통지한다.,상대방이 계좌 정보를 확인한다.,이후,"['sequence', 'following', 'progression', 'succession', 'after']",[],357,Relation
계좌 정보를 통지한다.,계좌 정보,is participated by,"['be involved with', 'be attended by', 'be joined by', 'be engaged with', 'be taken part in']",[],358,Relation
계좌 정보를 통지한다.,통지자,is participated by,"['be involved with', 'be attended by', 'be joined by', 'be engaged with', 'be taken part in']",[],359,Relation
계좌 정보를 통지한다.,수신자,is participated by,"['be involved with', 'be attended by', 'be joined by', 'be engaged with', 'be taken part in']",[],360,Relation
각자,세금,부담한다,"['assume obligation', 'accept duty', 'bear cost', 'cover expense', 'take responsibility']",[],361,Relation
세금을 부담한다.,각자 세금을 부담한다.,동시에,"['at the same time', 'simultaneously', 'concurrently', 'in parallel']",[],362,Relation
각자가 세금을 부담한다.,각자,is participated by,"['be involved with', 'be attended by', 'be joined by', 'be engaged with', 'be taken part in']",[],363,Relation
각자가 세금을 부담한다.,세금,is participated by,"['be involved with', 'be attended by', 'be joined by', 'be engaged with', 'be taken part in']",[],364,Relation
제67조,등기,등기에 협력한다,"['facilitate procedure', 'assist process', 'support registration', 'aid completion']",[],365,Relation
누군가 등기에 협력한다.,등기가 진행된다.,동시에,"['at the same time', 'simultaneously', 'concurrently', 'in parallel']",[],366,Relation
직원을 고용한다.,고용을 승계한다.,이후,"['sequence', 'following', 'progression', 'succession', 'after']",[],367,Relation
직원의 고용을 승계한다.,직원,is participated by,"['be involved with', 'be attended by', 'be joined by', 'be engaged with', 'be taken part in']",[],368,Relation
매수인,감사,선임한다,"['appoint', 'select', 'choose', 'designate', 'nominate', 'assign']",[],369,Relation
매수인이 감사를 선임한다.,감사가 존재하게 된다.,결과로,"['result in', 'cause', 'give rise to', 'produce', 'generate', 'bring about', 'lead to']",[],370,Relation
매수인이 감사를 선임한다.,매수인,is participated by,"['be involved with', 'be attended by', 'be joined by', 'be engaged with', 'be taken part in']",[],371,Relation
매수인이 감사를 선임한다.,감사,is participated by,"['be involved with', 'be attended by', 'be joined by', 'be engaged with', 'be taken part in']",[],372,Relation
문서,수령자,인도된다,"['bring', 'guide', 'lead', 'escort', 'direct']",[],373,Relation
문서를 작성한다.,문서를 인도한다.,이후,"['sequence', 'following', 'progression', 'succession', 'after']",[],374,Relation
문서를 인도한다.,상대방이 문서를 받는다.,결과로,"['result in', 'cause', 'give rise to', 'produce', 'generate', 'bring about', 'lead to']",[],375,Relation
문서를 인도한다.,문서,is participated by,"['be involved with', 'be attended by', 'be joined by', 'be engaged with', 'be taken part in']",[],376,Relation
문서를 인도한다.,인도자,is participated by,"['be involved with', 'be attended by', 'be joined by', 'be engaged with', 'be taken part in']",[],377,Relation
제5장은 거래종결 후 사항을 다룬다.,거래가 종결된다.,이후,"['sequence', 'following', 'progression', 'succession', 'after']",[],378,Relation
거래가 종결된다.,제5장은 거래종결 후 사항을 다룬다.,이전,"['transfer', 'move', 'handover', 'relocation', 'shift']",[],379,Relation
제5장 거래종결 후 사항이 논의된다.,제5장,is participated by,"['be involved with', 'be attended by', 'be joined by', 'be engaged with', 'be taken part in']",[],380,Relation
제5장 거래종결 후 사항이 논의된다.,거래종결 후 사항,is participated by,"['be involved with', 'be attended by', 'be joined by', 'be engaged with', 'be taken part in']",[],381,Relation
전환 지원,3개월,지원 기간이다,"['eligibility timeframe', 'enrollment phase', 'application period', 'submission window']",[],382,Relation
전환 지원을 시작한다.,3개월간 지원이 제공된다.,동시에,"['at the same time', 'simultaneously', 'concurrently', 'in parallel']",[],383,Relation
3개월간 지원이 제공된다.,전환 지원이 종료된다.,이후,"['sequence', 'following', 'progression', 'succession', 'after']",[],384,Relation
전환 지원을 3개월간 제공한다.,전환 지원,is participated by,"['be involved with', 'be attended by', 'be joined by', 'be engaged with', 'be taken part in']",[],385,Relation
전환 지원을 3개월간 제공한다.,제공 주체,is participated by,"['be involved with', 'be attended by', 'be joined by', 'be engaged with', 'be taken part in']",[],386,Relation
배상 한도,매매대금의 25%,제한된다,"['bounded', 'limited', 'restricted', 'confined', 'constrained']",[],387,Relation
배상 한도를 정한다.,배상 한도를 매매대금의 25%로 제한한다.,이전에,"['earlier than', 'antecedent to', 'prior to', 'preceding', 'before']",[],388,Relation
배상 한도를 매매대금의 25%로 제한한다.,총 배상액이 매매대금의 25%를 초과할 수 없다.,결과로,"['result in', 'cause', 'give rise to', 'produce', 'generate', 'bring about', 'lead to']",[],389,Relation
배상 한도를 매매대금의 25%로 제한한다.,배상 한도,is participated by,"['be involved with', 'be attended by', 'be joined by', 'be engaged with', 'be taken part in']",[],390,Relation
배상 한도를 매매대금의 25%로 제한한다.,매매대금,is participated by,"['be involved with', 'be attended by', 'be joined by', 'be engaged with', 'be taken part in']",[],391,Relation
제7조의 적시 통지,관련 권리 자동 소멸,실패하면,"['be unsuccessful', 'fall short', 'not succeed', 'lose', 'miss the mark']",[],392,Relation
진술보증 위반 관련 통지,청구권 소멸,실패하면,"['be unsuccessful', 'fall short', 'not succeed', 'lose', 'miss the mark']",[],393,Relation
통지 기한,통지 기한,엄격히 해석된다,"['narrow meaning', 'precise understanding', 'strict interpretation', 'literal reading']",[],394,Relation
제7조의 적시 통지를 하지 못한 경우,관련 권리가 자동 소멸한다,결과로,"['result in', 'cause', 'give rise to', 'produce', 'generate', 'bring about', 'lead to']",[],395,Relation
진술보증 위반 관련 통지를 놓친 경우,청구권이 소멸한다,결과로,"['result in', 'cause', 'give rise to', 'produce', 'generate', 'bring about', 'lead to']",[],396,Relation
통지 기한은 엄격히 해석된다,통지 실패에 따른 권리 소멸이 발생한다,동시에,"['at the same time', 'simultaneously', 'concurrently', 'in parallel']",[],397,Relation
제7조의 적시 통지를 하지 못한 경우 관련 권리가 자동 소멸된다.,제7조,is participated by,"['be involved with', 'be attended by', 'be joined by', 'be engaged with', 'be taken part in']",[],398,Relation
제7조의 적시 통지를 하지 못한 경우 관련 권리가 자동 소멸된다.,관련 권리,is participated by,"['be involved with', 'be attended by', 'be joined by', 'be engaged with', 'be taken part in']",[],399,Relation
진술보증 위반 관련 통지를 놓친 경우 청구권이 소멸된다.,진술보증 위반,is participated by,"['be involved with', 'be attended by', 'be joined by', 'be engaged with', 'be taken part in']",[],400,Relation
진술보증 위반 관련 통지를 놓친 경우 청구권이 소멸된다.,통지,is participated by,"['be involved with', 'be attended by', 'be joined by', 'be engaged with', 'be taken part in']",[],401,Relation
진술보증 위반 관련 통지를 놓친 경우 청구권이 소멸된다.,청구권,is participated by,"['be involved with', 'be attended by', 'be joined by', 'be engaged with', 'be taken part in']",[],402,Relation
통지 기한은 엄격히 해석된다.,통지 기한,is participated by,"['be involved with', 'be attended by', 'be joined by', 'be engaged with', 'be taken part in']",[],403,Relation
어떤 사항을 인지한다,해당 사항에 대해 면책된다,이후,"['sequence', 'following', 'progression', 'succession', 'after']",[],404,Relation
어떤 사항을 인지한다,해당 사항에 대해 면책된다,때문에,"['justification', 'cause', 'explanation', 'reason', 'motivation']",[],405,Relation
인지한 사항이 면책된다.,인지한 사항,is participated by,"['be involved with', 'be attended by', 'be joined by', 'be engaged with', 'be taken part in']",[],406,Relation
제75조,경영,경영을 지원한다,"['facilitate administration', 'assist management', 'support operations', 'enhance governance']",[],407,Relation
적극적으로 경영을 지원한다.,지원이 강화된다.,결과로,"['result in', 'cause', 'give rise to', 'produce', 'generate', 'bring about', 'lead to']",[],408,Relation
경영을 적극적으로 지원한다.,경영,is participated by,"['be involved with', 'be attended by', 'be joined by', 'be engaged with', 'be taken part in']",[],409,Relation
보상,서면,청구된다,"['대금 청구', '비용 부과', '요구된다', '요청된다', '지불 요청']",[],410,Relation
서면으로 청구한다.,보상 절차가 시작된다.,결과로,"['result in', 'cause', 'give rise to', 'produce', 'generate', 'bring about', 'lead to']",[],411,Relation
보상을 청구한다.,청구인,is participated by,"['be involved with', 'be attended by', 'be joined by', 'be engaged with', 'be taken part in']",[],412,Relation
청구인은 서면으로 보상을 청구한다.,청구인,is participated by,"['be involved with', 'be attended by', 'be joined by', 'be engaged with', 'be taken part in']",[],413,Relation
청구인은 서면으로 보상을 청구한다.,서면,is participated by,"['be involved with', 'be attended by', 'be joined by', 'be engaged with', 'be taken part in']",[],414,Relation
손해배상액,채권,상계할 수 있다,"['offset', 'adjust', 'compensate', 'counterbalance']",[],415,Relation
손해배상액을 산정한다.,손해배상액을 상계할 수 있다.,이후,"['sequence', 'following', 'progression', 'succession', 'after']",[],416,Relation
손해배상액을 상계할 수 있다.,상계된 금액만큼 실제 지급액이 결정된다.,결과로,"['result in', 'cause', 'give rise to', 'produce', 'generate', 'bring about', 'lead to']",[],417,Relation
손해배상액을 상계할 수 있다.,손해배상액,is participated by,"['be involved with', 'be attended by', 'be joined by', 'be engaged with', 'be taken part in']",[],418,Relation
자산,매수인,귀속된다,"['belong to', 'be associated with', 'be assigned to', 'be affiliated with', 'be attributed to']",[],419,Relation
부채,매도인,귀속된다,"['belong to', 'be associated with', 'be assigned to', 'be affiliated with', 'be attributed to']",[],420,Relation
자산은 매수인에게 귀속된다.,부채는 매도인에게 귀속된다.,동시에,"['at the same time', 'simultaneously', 'concurrently', 'in parallel']",[],421,Relation
자산이 귀속된다.,자산,is participated by,"['be involved with', 'be attended by', 'be joined by', 'be engaged with', 'be taken part in']",[],422,Relation
자산이 귀속된다.,매수인,is participated by,"['be involved with', 'be attended by', 'be joined by', 'be engaged with', 'be taken part in']",[],423,Relation
부채가 귀속된다.,부채,is participated by,"['be involved with', 'be attended by', 'be joined by', 'be engaged with', 'be taken part in']",[],424,Relation
부채가 귀속된다.,매도인,is participated by,"['be involved with', 'be attended by', 'be joined by', 'be engaged with', 'be taken part in']",[],425,Relation
기존 브랜드,브랜드,사용한다,"['operate', 'exploit', 'employ', 'utilize', 'apply']",[],426,Relation
기존 브랜드가 존재한다.,기존 브랜드를 사용한다.,이전에,"['earlier than', 'antecedent to', 'prior to', 'preceding', 'before']",[],427,Relation
기존 브랜드를 사용한다.,새로운 브랜드를 개발하지 않는다.,결과로,"['result in', 'cause', 'give rise to', 'produce', 'generate', 'bring about', 'lead to']",[],428,Relation
기존 브랜드를 사용한다.,기존 브랜드,is participated by,"['be involved with', 'be attended by', 'be joined by', 'be engaged with', 'be taken part in']",[],429,Relation
기존 배당,매도인,귀속된다,"['belong to', 'be associated with', 'be assigned to', 'be affiliated with', 'be attributed to']",[],430,Relation
기존 배당이 발생한다.,배당이 매도인에게 귀속된다.,이후,"['sequence', 'following', 'progression', 'succession', 'after']",[],431,Relation
기존 배당이 매도인에게 귀속된다.,기존 배당,is participated by,"['be involved with', 'be attended by', 'be joined by', 'be engaged with', 'be taken part in']",[],432,Relation
기존 배당이 매도인에게 귀속된다.,매도인,is participated by,"['be involved with', 'be attended by', 'be joined by', 'be engaged with', 'be taken part in']",[],433,Relation
연결,연결재무제표,포함된다,"['들어가다', '소속되다', '속하다', '일부가 되다']",[],434,Relation
연결재무제표가 작성된다.,연결재무제표에 포함된다.,이후,"['sequence', 'following', 'progression', 'succession', 'after']",[],435,Relation
연결재무제표에 포함된다.,연결재무제표,is participated by,"['be involved with', 'be attended by', 'be joined by', 'be engaged with', 'be taken part in']",[],436,Relation
협력,시너지,목적이 되다,"['be aimed at', 'be targeted', 'be the goal', 'serve as purpose', 'become objective']",[],437,Relation
시너지를 위해 협력한다.,시너지가 발생한다.,결과로,"['result in', 'cause', 'give rise to', 'produce', 'generate', 'bring about', 'lead to']",[],438,Relation
협약 당사자들이 시너지를 위해 협력한다,협약 당사자들,is participated by,"['be involved with', 'be attended by', 'be joined by', 'be engaged with', 'be taken part in']",[],439,Relation
제83조,영업비밀,보호한다,"['방어한다', '안전 확보', '감싼다', '보전', '지킨다']",[],440,Relation
영업비밀을 보호한다.,비밀이 유지된다.,결과로,"['result in', 'cause', 'give rise to', 'produce', 'generate', 'bring about', 'lead to']",[],441,Relation
영업비밀을 보호한다.,영업비밀,is participated by,"['be involved with', 'be attended by', 'be joined by', 'be engaged with', 'be taken part in']",[],442,Relation
공급망,공급망,유지하다,"['sustain', 'preserve', 'retain', 'keep', 'continue']",[],443,Relation
공급망을 유지한다.,공급이 안정적으로 이루어진다.,동시에,"['at the same time', 'simultaneously', 'concurrently', 'in parallel']",[],444,Relation
공급망을 유지한다.,공급망에 문제가 생기지 않는다.,결과로,"['result in', 'cause', 'give rise to', 'produce', 'generate', 'bring about', 'lead to']",[],445,Relation
공급망을 유지한다.,공급망,is participated by,"['be involved with', 'be attended by', 'be joined by', 'be engaged with', 'be taken part in']",[],446,Relation
제85조,연구개발을 계속함,규정한다,"['establish', 'prescribe', 'determine', 'define', 'set rules']",[],447,Relation
R&D 연구개발을 계속한다.,연구개발 활동이 지속적으로 이루어진다.,동시에,"['at the same time', 'simultaneously', 'concurrently', 'in parallel']",[],448,Relation
연구개발을 계속한다.,R&D,is participated by,"['be involved with', 'be attended by', 'be joined by', 'be engaged with', 'be taken part in']",[],449,Relation
제86조,CSR,규정한다,"['establish', 'prescribe', 'determine', 'define', 'set rules']",[],450,Relation
CSR,사회적 책임,요구한다,"['call for', 'need', 'request', 'require', 'ask for', 'demand']",[],451,Relation
기업이 CSR을 실천한다.,기업이 사회적 책임을 다한다.,결과로,"['result in', 'cause', 'give rise to', 'produce', 'generate', 'bring about', 'lead to']",[],452,Relation
규제 대응,매수인,책임이다,"['소관', '담당', '역할', '부담', '의무']",[],453,Relation
규제 대응은 매수인 책임이다.,매수인이 규제에 대응해야 한다.,결과로,"['result in', 'cause', 'give rise to', 'produce', 'generate', 'bring about', 'lead to']",[],454,Relation
규제 대응이 매수인 책임이 된다.,규제,is participated by,"['be involved with', 'be attended by', 'be joined by', 'be engaged with', 'be taken part in']",[],455,Relation
규제 대응이 매수인 책임이 된다.,매수인,is participated by,"['be involved with', 'be attended by', 'be joined by', 'be engaged with', 'be taken part in']",[],456,Relation
시설,불특정,유지된다,"['보존된다', '계속된다', '유지 상태', '계속됨', '지속된다']",[],457,Relation
시설이 존재한다.,시설을 유지한다.,이전에,"['earlier than', 'antecedent to', 'prior to', 'preceding', 'before']",[],458,Relation
시설을 유지한다.,시설의 상태가 보존된다.,결과로,"['result in', 'cause', 'give rise to', 'produce', 'generate', 'bring about', 'lead to']",[],459,Relation
시설을 유지한다.,시설,is participated by,"['be involved with', 'be attended by', 'be joined by', 'be engaged with', 'be taken part in']",[],460,Relation
분쟁,당사자,해결에 협력한다,"['contribute', 'cooperate', 'collaborate', 'work together', 'assist']",[],461,Relation
분쟁이 발생한다.,분쟁 해결에 협력한다.,결과로,"['result in', 'cause', 'give rise to', 'produce', 'generate', 'bring about', 'lead to']",[],462,Relation
분쟁 해결에 협력한다.,분쟁 당사자,is participated by,"['be involved with', 'be attended by', 'be joined by', 'be engaged with', 'be taken part in']",[],463,Relation
제90조,추가 조정은 없다,규정한다,"['establish', 'prescribe', 'determine', 'define', 'set rules']",[],464,Relation
제90조가 성과에 대해 정한다.,추가 조정은 없다.,이후,"['sequence', 'following', 'progression', 'succession', 'after']",[],465,Relation
제90조가 성과에 대해 정한다.,추가 조정은 없다.,결과로,"['result in', 'cause', 'give rise to', 'produce', 'generate', 'bring about', 'lead to']",[],466,Relation
성과에 추가 조정이 없다.,성과,is participated by,"['be involved with', 'be attended by', 'be joined by', 'be engaged with', 'be taken part in']",[],467,Relation
제6장 일반조항이 언급된다.,제6장 일반조항,is participated by,"['be involved with', 'be attended by', 'be joined by', 'be engaged with', 'be taken part in']",[],468,Relation
매도인에 대한 통지,등기우편,등기우편으로만 유효하다,"['method constraint', 'procedural rule', 'requirement', 'validity condition']",[],469,Relation
매수인에 대한 통지,이메일,이메일로 가능하다,"['allow via email', 'permit by email', 'accessible by email', 'support through email']",[],470,Relation
특별조항 관련 통지,등기우편,등기우편으로 해야 한다,"['mandate', 'requirement', 'obligation', 'procedure', 'process']",[],471,Relation
매도인에 대한 통지는 등기우편으로만 유효하다.,매도인에 대한 통지를 등기우편이 아닌 방법으로 하면 효력이 없다.,결과로,"['result in', 'cause', 'give rise to', 'produce', 'generate', 'bring about', 'lead to']",[],472,Relation
매수인에 대한 통지는 이메일로 가능하다.,매수인에게 이메일로 통지하면 유효하다.,결과로,"['result in', 'cause', 'give rise to', 'produce', 'generate', 'bring about', 'lead to']",[],473,Relation
특별조항 관련 통지는 반드시 등기우편으로 해야 한다.,특별조항에 관한 통지를 등기우편 이외의 방법으로 하면 효력이 없다.,때문에,"['justification', 'cause', 'explanation', 'reason', 'motivation']",[],474,Relation
매도인에 대한 통지는 등기우편으로만 유효하다.,매도인,is participated by,"['be involved with', 'be attended by', 'be joined by', 'be engaged with', 'be taken part in']",[],475,Relation
매도인에 대한 통지는 등기우편으로만 유효하다.,등기우편,is participated by,"['be involved with', 'be attended by', 'be joined by', 'be engaged with', 'be taken part in']",[],476,Relation
매수인에 대한 통지는 이메일로 가능하다.,매수인,is participated by,"['be involved with', 'be attended by', 'be joined by', 'be engaged with', 'be taken part in']",[],477,Relation
매수인에 대한 통지는 이메일로 가능하다.,이메일,is participated by,"['be involved with', 'be attended by', 'be joined by', 'be engaged with', 'be taken part in']",[],478,Relation
특별조항 관련 통지는 반드시 등기우편으로 해야 한다.,특별조항,is participated by,"['be involved with', 'be attended by', 'be joined by', 'be engaged with', 'be taken part in']",[],479,Relation
특별조항 관련 통지는 반드시 등기우편으로 해야 한다.,등기우편,is participated by,"['be involved with', 'be attended by', 'be joined by', 'be engaged with', 'be taken part in']",[],480,Relation
운전자본,거래종결 후,조정된다,"['regulate', 'alter', 'modify', 'adjust', 'fine-tune', 'adapt']",[],481,Relation
거래가 종결된다.,운전자본을 조정한다.,이후,"['sequence', 'following', 'progression', 'succession', 'after']",[],482,Relation
운전자본을 거래종결 후 조정한다.,운전자본,is participated by,"['be involved with', 'be attended by', 'be joined by', 'be engaged with', 'be taken part in']",[],483,Relation
제93조,대한민국 법률,준거법으로 정하다,"['specify legal basis', 'assign governing law', 'determine by law', 'designate as standard']",[],484,Relation
제93조가 규정된다.,대한민국 법률에 따른다는 내용이 명시된다.,이후,"['sequence', 'following', 'progression', 'succession', 'after']",[],485,Relation
대한민국 법률에 따른다.,법적 분쟁 발생 시 대한민국 법률이 적용된다.,때문에,"['justification', 'cause', 'explanation', 'reason', 'motivation']",[],486,Relation
제93조가 준거법으로 대한민국 법률을 정한다.,제93조,is participated by,"['be involved with', 'be attended by', 'be joined by', 'be engaged with', 'be taken part in']",[],487,Relation
제93조가 준거법으로 대한민국 법률을 정한다.,대한민국 법률,is participated by,"['be involved with', 'be attended by', 'be joined by', 'be engaged with', 'be taken part in']",[],488,Relation
제94조,서울중앙지방법원 관할,정한다,"['establish', 'set', 'decide', 'designate', 'determine']",[],489,Relation
서울중앙지방법원이 관할이다.,제94조가 규정된다.,결과로,"['result in', 'cause', 'give rise to', 'produce', 'generate', 'bring about', 'lead to']",[],490,Relation
제94조가 관할을 정한다,제94조,is participated by,"['be involved with', 'be attended by', 'be joined by', 'be engaged with', 'be taken part in']",[],491,Relation
서울중앙지방법원이 관할이 된다,서울중앙지방법원,is participated by,"['be involved with', 'be attended by', 'be joined by', 'be engaged with', 'be taken part in']",[],492,Relation
제95조,중재,규정하다,"['establish', 'prescribe', 'stipulate', 'define', 'set rules']",[],493,Relation
제95조,우호적 해결,우선시하다,"['favor', 'set above', 'prioritize', 'value more', 'give preference']",[],494,Relation
우호적 해결을 우선한다.,중재가 이루어진다.,이전,"['transfer', 'move', 'handover', 'relocation', 'shift']",[],495,Relation
제96조,서면 합의,수정된다,"['update', 'alter', 'modify', 'revise', 'change']",[],496,Relation
수정한다.,서면 합의로,이후,"['sequence', 'following', 'progression', 'succession', 'after']",[],497,Relation
수정은 서면 합의로 이루어진다.,수정,is participated by,"['be involved with', 'be attended by', 'be joined by', 'be engaged with', 'be taken part in']",[],498,Relation
수정은 서면 합의로 이루어진다.,서면 합의,is participated by,"['be involved with', 'be attended by', 'be joined by', 'be engaged with', 'be taken part in']",[],499,Relation
제97조,분리가능성,규정한다,"['establish', 'prescribe', 'determine', 'define', 'set rules']",[],500,Relation
일부,나머지,무효여도,"['nullification', 'invalidity', 'ineffectiveness', 'nonrecognition']",[],501,Relation
어떤 조항의 일부가 무효가 된다.,나머지 조항은 유효하다.,이후,"['sequence', 'following', 'progression', 'succession', 'after']",[],502,Relation
어떤 조항의 일부가 무효가 된다.,나머지 조항은 유효하다.,때문에,"['justification', 'cause', 'explanation', 'reason', 'motivation']",[],503,Relation
일부가 무효여도 나머지는 유효하다.,일부,is participated by,"['be involved with', 'be attended by', 'be joined by', 'be engaged with', 'be taken part in']",[],504,Relation
일부가 무효여도 나머지는 유효하다.,나머지,is participated by,"['be involved with', 'be attended by', 'be joined by', 'be engaged with', 'be taken part in']",[],505,Relation
권리 불행사,권리,포기를 의미하지 않는다,"['determination', 'resilience', 'persistence', 'endurance', 'perseverance']",[],506,Relation
권리를 행사하지 않았다.,권리를 포기한 것은 아니다.,이후,"['sequence', 'following', 'progression', 'succession', 'after']",[],507,Relation
권리의 불행사가 권리의 포기가 아니다.,권리,is participated by,"['be involved with', 'be attended by', 'be joined by', 'be engaged with', 'be taken part in']",[],508,Relation
제99조,완전한 합의,구성한다,"['comprise', 'constitute', 'build', 'make up', 'form']",[],509,Relation
완전한 합의를 구성한다.,제99조가 적용된다.,결과로,"['result in', 'cause', 'give rise to', 'produce', 'generate', 'bring about', 'lead to']",[],510,Relation
제99조가 완전한 합의를 구성한다.,제99조,is participated by,"['be involved with', 'be attended by', 'be joined by', 'be engaged with', 'be taken part in']",[],511,Relation
제99조가 완전한 합의를 구성한다.,완전한 합의,is participated by,"['be involved with', 'be attended by', 'be joined by', 'be engaged with', 'be taken part in']",[],512,Relation
한국어본,다른 언어본,우선한다,"['precede', 'come before', 'supersede', 'take priority', 'override']",[],513,Relation
한국어본이 우선한다.,제100조 (언어)가 명시된다.,결과로,"['result in', 'cause', 'give rise to', 'produce', 'generate', 'bring about', 'lead to']",[],514,Relation
한국어본이 우선한다.,한국어본,is participated by,"['be involved with', 'be attended by', 'be joined by', 'be engaged with', 'be taken part in']",[],515,Relation
부록,계약의 일부,이다,"['equal', 'identify as', 'serve as', 'function as', 'act as', 'represent']",[],516,Relation
부록도 계약의 일부이다.,부록의 내용이 계약에 적용된다.,결과로,"['result in', 'cause', 'give rise to', 'produce', 'generate', 'bring about', 'lead to']",[],517,Relation
부록이 계약의 일부가 된다.,부록,is participated by,"['be involved with', 'be attended by', 'be joined by', 'be engaged with', 'be taken part in']",[],518,Relation
부록이 계약의 일부가 된다.,계약,is participated by,"['be involved with', 'be attended by', 'be joined by', 'be engaged with', 'be taken part in']",[],519,Relation
각,1부,보관한다,"['store', 'preserve', 'save', 'retain', 'keep']",[],520,Relation
각 1부씩 보관한다.,문서가 보관된다.,결과로,"['result in', 'cause', 'give rise to', 'produce', 'generate', 'bring about', 'lead to']",[],521,Relation
대리인,당사자,선임 가능하다,"['selection', 'appointment', 'qualification', 'assignment', 'eligibility']",[],522,Relation
대리인 선임 가능하다.,대리인이 법률행위를 수행한다.,이전에,"['earlier than', 'antecedent to', 'prior to', 'preceding', 'before']",[],523,Relation
대리인을 선임할 수 있다.,대리인,is participated by,"['be involved with', 'be attended by', 'be joined by', 'be engaged with', 'be taken part in']",[],524,Relation
대리인을 선임할 수 있다.,본인,is participated by,"['be involved with', 'be attended by', 'be joined by', 'be engaged with', 'be taken part in']",[],525,Relation
제104조,성실 이행,규정한다,"['establish', 'prescribe', 'determine', 'define', 'set rules']",[],526,Relation
성실히 이행한다.,의무를 다한다.,결과로,"['result in', 'cause', 'give rise to', 'produce', 'generate', 'bring about', 'lead to']",[],527,Relation
제104조의 내용을 성실히 이행한다.,제104조,is participated by,"['be involved with', 'be attended by', 'be joined by', 'be engaged with', 'be taken part in']",[],528,Relation
제104조의 내용을 성실히 이행한다.,이행 주체,is participated by,"['be involved with', 'be attended by', 'be joined by', 'be engaged with', 'be taken part in']",[],529,Relation
불가항력,책임,면책된다,"['released from responsibility', 'absolved', 'exempt', 'freed from obligation']",[],530,Relation
불가항력이 발생한다.,면책된다.,결과로,"['result in', 'cause', 'give rise to', 'produce', 'generate', 'bring about', 'lead to']",[],531,Relation
불가항력이 면책된다.,불가항력,is participated by,"['be involved with', 'be attended by', 'be joined by', 'be engaged with', 'be taken part in']",[],532,Relation
제106조,공정하게,해석된다,"['be considered', 'be understood as', 'be interpreted as', 'be seen as', 'be regarded as']",[],533,Relation
제106조가 존재한다.,제106조를 해석한다.,이전,"['transfer', 'move', 'handover', 'relocation', 'shift']",[],534,Relation
제106조를 해석한다.,공정하게 해석한다.,동시에,"['at the same time', 'simultaneously', 'concurrently', 'in parallel']",[],535,Relation
공정하게 해석한다.,해석 결과가 공정하게 도출된다.,결과로,"['result in', 'cause', 'give rise to', 'produce', 'generate', 'bring about', 'lead to']",[],536,Relation
제106조를 공정하게 해석한다.,제106조,is participated by,"['be involved with', 'be attended by', 'be joined by', 'be engaged with', 'be taken part in']",[],537,Relation
기한,의무,엄수되어야 한다,"['be observed', 'comply with', 'be followed', 'be enforced', 'adherence']",[],538,Relation
기한을 엄수한다.,기한이 도래한다.,이후,"['sequence', 'following', 'progression', 'succession', 'after']",[],539,Relation
기한을 엄수한다.,기한,is participated by,"['be involved with', 'be attended by', 'be joined by', 'be engaged with', 'be taken part in']",[],540,Relation
공동비용,공동비용의 부담 주체,균분된다,"['distributed', 'split', 'partitioned', 'be divided']",[],541,Relation
공동비용이 발생한다.,공동비용을 균분한다.,결과로,"['result in', 'cause', 'give rise to', 'produce', 'generate', 'bring about', 'lead to']",[],542,Relation
공동비용을 균분한다.,공동비용,is participated by,"['be involved with', 'be attended by', 'be joined by', 'be engaged with', 'be taken part in']",[],543,Relation
공동비용을 균분한다.,공동소유자,is participated by,"['be involved with', 'be attended by', 'be joined by', 'be engaged with', 'be taken part in']",[],544,Relation
제109조,조항,보완한다,"['improve', 'supplement', 'support', 'strengthen', 'reinforce', 'enhance']",[],545,Relation
필요시 조항을 보완한다.,필요성이 발생한다.,동시에,"['at the same time', 'simultaneously', 'concurrently', 'in parallel']",[],546,Relation
필요성이 발생한다.,조항을 보완한다.,결과로,"['result in', 'cause', 'give rise to', 'produce', 'generate', 'bring about', 'lead to']",[],547,Relation
조항을 보완한다.,조항,is participated by,"['be involved with', 'be attended by', 'be joined by', 'be engaged with', 'be taken part in']",[],548,Relation
주식회사 카파벤처스,2025년 1월 1일,서명한다,"['approve', 'authorize', 'endorse', 'consent', 'agree']",[],549,Relation
주식회사 람다홀딩스,2025년 1월 1일,서명한다,"['approve', 'authorize', 'endorse', 'consent', 'agree']",[],550,Relation
주식회사 카파벤처스,매도인,역할이다,"['position', 'responsibility', 'function', 'purpose', 'duty', 'task']",[],551,Relation
주식회사 람다홀딩스,매수인,역할이다,"['position', 'responsibility', 'function', 'purpose', 'duty', 'task']",[],552,Relation
2025년 1월 1일에 아래와 같이 서명한다.,매도인 주식회사 카파벤처스 대표이사가 서명한다.,이전에,"['earlier than', 'antecedent to', 'prior to', 'preceding', 'before']",[],553,Relation
2025년 1월 1일에 아래와 같이 서명한다.,매수인 주식회사 람다홀딩스 대표이사가 서명한다.,이전에,"['earlier than', 'antecedent to', 'prior to', 'preceding', 'before']",[],554,Relation
매도인 주식회사 카파벤처스 대표이사가 서명한다.,매수인 주식회사 람다홀딩스 대표이사가 서명한다.,동시에,"['at the same time', 'simultaneously', 'concurrently', 'in parallel']",[],555,Relation
주식회사 카파벤처스가 매도인으로 서명한다.,주식회사 카파벤처스,is participated by,"['be involved with', 'be attended by', 'be joined by', 'be engaged with', 'be taken part in']",[],556,Relation
주식회사 카파벤처스가 매도인으로 서명한다.,매도인,is participated by,"['be involved with', 'be attended by', 'be joined by', 'be engaged with', 'be taken part in']",[],557,Relation
주식회사 람다홀딩스가 매수인으로 서명한다.,주식회사 람다홀딩스,is participated by,"['be involved with', 'be attended by', 'be joined by', 'be engaged with', 'be taken part in']",[],558,Relation
주식회사 람다홀딩스가 매수인으로 서명한다.,매수인,is participated by,"['be involved with', 'be attended by', 'be joined by', 'be engaged with', 'be taken part in']",[],559,Relation
주식회사 카파벤처스의 대표이사가 서명한다.,주식회사 카파벤처스,is participated by,"['be involved with', 'be attended by', 'be joined by', 'be engaged with', 'be taken part in']",[],560,Relation
주식회사 카파벤처스의 대표이사가 서명한다.,대표이사,is participated by,"['be involved with', 'be attended by', 'be joined by', 'be engaged with', 'be taken part in']",[],561,Relation
주식회사 람다홀딩스의 대표이사가 서명한다.,주식회사 람다홀딩스,is participated by,"['be involved with', 'be attended by', 'be joined by', 'be engaged with', 'be taken part in']",[],562,Relation
주식회사 람다홀딩스의 대표이사가 서명한다.,대표이사,is participated by,"['be involved with', 'be attended by', 'be joined by', 'be engaged with', 'be taken part in']",[],563,Relation
